"Headline","Label"
"Grenade attack on Thai protesters kills one, injures at least 20",0
"BBC's Strictly Come Dancing to be broadcast from Blackpool Tower",0
"Frog-killing fungus spreads across Panama Canal towards South America",0
"Britain Releases Censored List of Expenses",0
"Michael Weiner, Behind-the-Scenes Force, Is Set to Move to Forefront of Major League Union",0
"Rabobank Contacted by Doping Investigators",0
"Pennsylvania cop on trial for allegedly murdering girlfriend's estranged husband",0
"Post Office Acting to Reduce Losses",0
"Venezuelan referendum ends presidential term limits",0
"Levi Leipheimer Inches Closer to Tour of California Title",0
"Derby Winner Mine That Bird Works Out",0
"Turkmen president bans recorded music in public",0
"Amnesty International tells Iran to free imprisoned journalists",0
"City to sue owner of partially collapsed 19th century livery in Buffalo, New York",0
"Australian Emissions Trading Plan in Trouble",0
"Meet Gar Ryness, the Batting Stance Guy",0
"Protestors want 'carnival not confrontation' at Forbes conference",0
"Boeing 737 crash-lands in Colombia; at least one killed",0
"Ex-Fund Manager Has 2 Years Added to Sentence for Fleeing",0
"Opposing Thai protesters mass, PAD to march on parliament",0
"Haitian cholera victims threaten United Nations with lawsuit",0
"Pakistan Claims More Gains Against Taliban",0
"Calls for aid to help feed millions, as East Africa plunges into drought",0
"Cities Like Seoul Rediscover Waterways They Paved Over",0
"ETA places explosives on Tour de France route in Spain",0
"CanadaVOTES: NDP candidate Michael McMahon running in Prince Edward—Hastings",0
"Tennessee House Member Wins Top Job, but Loses Party",0
"High Court strikes down Australian Capital Territory same-sex marriage law",0
"US House approves $1.17 billion in Amtrak funding",0
"Fire in Alpine road tunnel between Italy and France",0
"Magic Survives, and Cavaliers Teeter on Brink",0
"Collegians Show a Commitment to Elevating Cricket in America",0
"Adults Spend 8 Hours a Day in Front of a Screen, Study Finds",0
"South Africa Bars Dalai Lama From a Peace Conference",0
"Cat in Rhode Island, USA nursing home 'senses death'",0
"ITMS Canada launched",0
"Multiple deaths as Congolese government cracks down on pro-democracy protests",0
"No-confidence vote initiated against Romanian cabinet",0
"Viewed wins the 2008 Melbourne Cup",0
"Slight Rise in Consumer Prices in May",0
"Australia accused of bullying East Timor over oil field treaty",0
"Dragons, Dancing Ones, Set Off a Riot in China",0
"Kuwait parliament gives women the vote",0
"David Beckham arrives in Trinidad and Tobago amid security fears",0
"Gbagbo appears at international court for alleged crimes against humanity",0
"Building in Barcelona damaged by explosion",0
"A Three-Year Starter at Duke Watches and Waits",0
"Canada Drops W.T.O. Complaint Against Europe",0
"No Stork Involved, but Mom and Dad Had Help",0
"Mitt Romney suspends his United States presidential campaign, McCain and Huckabee remain fighting for GOP nomination",0
"Rebekah Brooks resigns from News International",0
"How Google Decides to Pull the Plug",0
"On Business, Eyes Peeled for Fliers of Another Sort",0
"Gallinari Returns but Knicks Fall to 76ers",0
"Heavy rains start in central and southern Chile while aftershock takes place",0
"Search continues for nine missing after midair collision off California",0
"Epiphanny Prince Scores 24 Points as Rutgers Tops West Virginia",0
"Mexican Tourism, Already Hurt by Violence, Bears Blow of a Health Scare",0
"NASA sets launch date for Space Shuttle Discovery",0
"Founder of UK sports car manufacturer TVR dies in Spain",0
"China's consumer prices rise to a three-year high in June as food prices soar 14.4 percent",0
"Iraqi based war video game pulled by publisher",0
"Tested Early by North Korea, Obama Has Few Options",0
"NOAA predicts increased hurricane activity in U.S.",0
"European Union Council to accept software patent directive",0
"Record Deliveries Help Airbus Parent Post Profit",0
"15 confirmed dead after Iraq bombing",0
"Oakland Seeking Answers in Police Killings",0
"Conficker computer worm infections soar",0
"Devendorf and Heytvelt Flourish After Receiving Second Chances",0
"Australian news network under investigation over pokie reform comments",0
"Auto Aid Might Flow To Parts Suppliers",0
"Head of Joint Chiefs Praises Pakistani Operation",0
"In the Andes, a Toxic Site Also Provides a Livelihood",0
"Prints Show a Modern Foot in Prehumans",0
"NHL: Boston Bruins win Winter Classic in overtime",0
"The Science of Skate Sharpening",0
"English ""Lady in the Lake"" killer found dead in prison cell",0
"A Ham Radio Weekend for Talking to the Moon",0
"Australian Tax Office warns against tax return scam",0
"Comcast and NFL Network Make 9-Year Deal",0
"As Bullfighter Gains Honor, Peers Perceive a Grave Loss",0
"American professional wrestler Karl Von Hess dies at the age of 90",0
"TNT blamed for Chinese karaoke bar explosion that killed 25",0
"Police have one week to question terror suspect caught in Bristol, UK",0
"U.S. Senate majority goes to Democrats",0
"Illinois Fair Map Amendment could die before appearing on ballot",0
"The Local Insurance Agency Hustles in a Slump",0
"Dozens dead after school collapses in Haiti",0
"Greenpeace founder supports nuclear energy",0
"Iran claims airliners were denied fuel",0
"Scientists say the moon is slowly shrinking",0
"Canada Talks Are Crucial to Chrysler Survival",0
"Iraq's UN Envoy accuses U.S. Marines of 'cold blooded murder'",0
"Family of Amanda Knox plans for appeal in Italian court",0
"Brazilian Buzzsaw Rips Through United States in Confederations Cup",0
"Two news helicopters crash in Phoenix, Arizona",0
"Baseball Homecomings for Ken Griffey Jr. and Jason Giambi",0
"Israeli soldier convicted of killing British activist in Gaza Strip",0
"Holder Wants Some Detainees Tried in the U.S.",0
"Look Past 2008 Stars for Gains in Bonds",0
"North Korean leader Kim Jong-un's aunt reported dead",0
"Yukio Hatoyama named as Japan's new Prime Minister",0
"Cricket: Caloundra defeat Glasshouse in Sunshine Coast, Queensland division one limited overs final",0
"Eli Lilly, Posting Loss, Cites Imclone Acquisition",0
"Romanian investor kidnapped in the Democratic Republic of the Congo is safe",0
"Judge Will Rule in a Week on Merrill Bonus List",0
"Wikinews interviews U.S. Libertarian Party potential presidential candidate R.J. Harris",0
"Mass Transit and a Soaring Car Culture Clash in China",0
"Canadian farmer vows to continue providing customers with raw milk despite order",0
"US Senate Majority leader Harry Reid criticized over ""Negro"" comments",0
"Obama announces choice for Secretary of Housing",0
"Foot-and-mouth source confirmed as research laboratory",0
"Jobless Claims Rise on Auto Layoffs",0
"Jeff Gordon Hopes He Can Make Some Noise With Success",0
"Hillary Clinton: I am 'open to being' US Vice President",0
"With Digital Foci, Carry Your Slide Show With You",0
"UK film board rejects Japanese horror 'Grotesque'",0
"Times Square shuts down due to suspicious vehicle",0
"As Iraq Stabilizes, China Eyes Its Oil Fields",0
"President of China lunches with Brazilian President",0
"Tata Motors to Offer Lineup of Bigger Trucks",0
"UEFA Cup: April 10, 2008",0
"Nearly 100,000 protest for closure of US military base in Japan",0
"Bosnia Serbs and Envoy Are at Odds on Powers",0
"World's Tallest Geyser Erupts",0
"Pick for Protocol Post Corrects Failure to File Taxes in 2 Years",0
"Youssef Chahine, Egyptian film director dies at 82",0
"US Department of Housing and Urban Development to provide housing for Katrina refugees",0
"Duke and Duchess of Cambridge to move into Kensington Palace, London",0
"As Costs of College Sports Rise, Students Balk at Paying Tab",0
"Poland: Around 100,000 people attend public memorial for victims of plane crash",0
"Odd Paths Lead the Way to N.B.A. Riches",0
"British soap opera Coronation Street celebrates 50 years on air",0
"Vanuatu denies announcing recognition of Abkhazia",0
"Nine people die after Philippine ferry sinks",0
"South Africa prepares for elections",0
"Programs Try to Spur Move to Fuel-Efficient Cars",0
"Dozens of cats removed from feces-ridden New Jersey house",0
"Zimbabwean police raid MDC party's offices",0
"Relics found behind The Ruins of St. Paul, Macau",0
"Idaho Courier Survives Postal Cost-Cutting",0
"Internet group Anonymous hacks No Cussing Club's website, owner's e-mail account",0
"Mite and Bee, in a Bond Mutually Beneficial",0
"Six Flags in Talks to Avoid Filing for Bankruptcy",0
"15 Die on Indian Train",0
"Deep Discounts Lifted Retail Sales 1% in January",0
"Abel prize 2008 awarded to John G. Thompson and Jacques Tits",0
"Gulf Oil States Seeking a Lead in Clean Energy",0
"Russia Rejects the Notion of a Joint Missile System in Europe",0
"Hedge Fund Executive to be Borders Chairman",0
"Swiss woman gang-raped in Madhya Pradesh, India",0
"George Bush: Rescue plan will get through",0
"Turkey lifts ban on YouTube",0
"Broadband users kicked off service for constant questioning",0
"Report Finds Online Threats to Children Overblown",0
"Boxing: Joshua Clottey of Ghana wins IBF welterweight title",0
"Summers Says Stimulus Plan on Track Despite Job Losses",0
"US President George W. Bush's daughter announces engagement",0
"UK lawyer comments on court case against Boeing over London jet crash",0
"Chinese police offer 300,000 yuan reward in double bus bombings",0
"Lewis Hamilton wins 2009 Hungarian Grand Prix",0
"Prosecutors Seek Appeal in Dismissal of Gun Case",0
"Hundreds of thousands of British public sector workers strike over planned pension changes",0
"Scottish singer Jai McDowall wins fifth Britain's Got Talent series",0
"Inter lead race to snap-up Figo",0
"Ray Nagin re-elected New Orleans mayor",0
"G.M. Is Said to Be Close to Selling Saab",0
"One dead as Super Typhoon Megi makes landfall in Philippines",0
"N. Carolina Routs Virginia; Next: Top-Ranked Connecticut",0
"UK mother cleared of attempted murder of ME-suffering daughter",0
"Basketball: UAAP opens 2008-2009 season with new rules",0
"US Federal Reserve prepares to take over AIG",0
"An Attractive Purchase, the Cubs Have Not Been an Easy Sale",0
"Adding Pressure to Sudan, Obama Will Tap Retired General as Special Envoy",0
"What's the Secret to Brawn's Success?",0
"American war deserter given stay of deportation in Canada",0
"Judging Honesty by Words, Not Fidgets",0
"Six killed in Burundi church massacre",0
"Great Britain's most dangerous road announced",0
"British TV presenter Rico Daniels tells Wikinews about being 'The Salvager'",0
"After Israeli Visit, a Diplomatic Sprint on Iran",0
"Bing Delivers Credibility to Microsoft",0
"Five dead after continuing violence in Nigeria",0
"Wikinews previews the 2008 Australian rules football International Cup",0
"Controversy spreads over Libertarian U.S. presidential nominee Bob Barr",0
"Crown Prince Sultan of Saudi Arabia dies",0
"Flora springing into Spring in Mid-Atlantic coastal region, USA",0
"Coast, a Medical Trial Company, Agrees to Suspension",0
"Australian federal election announced for August 21",0
"Iraqi suicide bomber kills 121, injures over 200 others",0
"DreamWorks and Disney Agree to Distribution Deal",0
"Title IX Ruling Involving U.C. Davis Could Lead to Stricter Standards",0
"Car bomb defused in central London",0
"Medical Review Firm, After Federal Sting, Goes Out of Business",0
"A Journey From Ebbets Field to the Steps of the Capitol",0
"Afghan presidential candidate Abdullah may boycott runoff election",0
"Japanese tanker MV Chemstar Venus freed by Somali pirates",0
"Irish airline Aer Lingus to cut more staff",0
"Fordham Law Students Teach Scalia About Privacy and the Web",0
"Seven killed in Kenyan protest for radical Islamic cleric",0
"Auto Supplier Lear Said to Prepare Chapter 11 Filing",0
"Iran 'suspends' releasing British soldiers; Shots fired near Iranian Consul in Basra, Iraq",0
"Man throws shoe at President of Sudan during public conference",0
"Grandmother of Barack Obama dies at 86",0
"Media reports exaggerate cell phone cancer risk",0
"Massive 7.5 earthquake strikes Indonesia",0
"Petrol pricing in Bathurst, NSW reduced for only seven days",0
"San Francisco to Toughen a Strict Recycling Law",0
"Yankees Give Up 14 Runs in Second Inning",0
"Kraft Canada recalls cookies after reports of 'sharp metal objects' baked into the cookies",0
"Mozilla Foundation prepares third Firefox security update",0
"Scribd Invites Writers to Upload Work and Name Their Price",0
"'Expelled' fair use upheld",0
"U.S. and China in trade dispute",0
"Gaza Strip aid ship departs Greece, diverts to Egypt",0
"Anti-terror raid in The Hague",0
"Australian drug regulator requires warning on Zolpidem",0
"Australian PM announces public affairs channel",0
"Outlook for Luxury Goods Grim, One Maker Says",0
"Horse flu damage spreads",0
"Woman in Binghamton Athletics Files Harassment Complaint",0
"Apple releases iPhone SDK, announces upcoming update",0
"Gazan Doctor and Peace Advocate Loses 3 Daughters to Israeli Fire and Asks Why",0
"First couples celebrate same-sex marriage in New Zealand",0
"South African lawyer and anti-apartheid leader Harry Schwarz dies age 85",0
"Israeli Settlement Growth Must Stop, Clinton Says",0
"Fishermen find body of child killed by Chile tsunami in Pichilemu",0
"Car bomb in Ciudad Juárez, Mexico kills several, many injured",0
"Protein Sciences, a Vaccine Maker, Wins Federal Contract",0
"Protesting Chinese villagers killed in confrontation with police",0
"Volatile stock market, credit woes persist",0
"Rush Limbaugh and Pat Robertson under fire for remarks about earthquake in Haiti",0
"WHO investigates outbreak of unidentified illness in Democratic Republic of the Congo",0
"Rancagua, Chile Servicio Médico Legal boss, Juan Díaz, suspended on Juanita Carey case",0
"House Panel Says West Virginia Chemical Firm Withheld Information About Explosion",0
"U.S. Tightens Airstrike Policy in Afghanistan",0
"Asiana Boeing 777 crashes upon landing at San Francisco International Airport",0
"Death toll rises to eleven in K2 mountain avalanche",0
"First Active offer 100% mortgages in Ireland",0
"Obama Is Sworn In as the 44th President",0
"Fundosa ONCE defeats Servigest Burgos 80-20 in Spain's top wheelchair basketball league",0
"Russian spacecraft Phobos-Grunt falls in Pacific Ocean",0
"Russian Factory Bets on a Market for a Mobile Water Cannon to Dampen Dissenters",0
"No U.S. Plans to Stop Korea on Missile Test",0
"Indonesian volcano eruption prompts thousands to evacuate",0
"Credit Markets Showing Some Signs of Revival",0
"European football: Tottenham defeats Celtic 2 - 0",0
"Four bodies found on Florida's Turnpike",0
"In First Use of Replay, Umpires at Yankee Stadium Get It Right",0
"Philadelphia Mayor Proposes Temporary Tax Increases",0
"UK unemployment increases to 17-year peak",0
"2007 Rugby World Cup: New Zealand, Australia and England open with wins",0
"Health organisations respond to Ebola outbreak in Democratic Republic of the Congo",0
"Silent film actress Anita Page dies at age 98",0
"Lack of Cash Sinks Memorial to Abba",0
"South African President Jacob Zuma chooses new Police Chief",0
"American Alpine ski racer James Heuga dies at age 66",0
"Yukio Hatoyama formally elected Japanese prime minister",0
"At UConn, Men and Women On Track to Twin Titles",0
"From a Festive Crowd Come Chants and Tears",0
"Peter Capaldi named twelfth Doctor Who",0
"Angola: Marburg virus still spreading, 180 dead",0
"US to alter aviation security policy",0
"To Curb Wild Horses, a Voice for a Contraceptive Called P.Z.P.",0
"Ice Hockey: Detroit Red Wings beat San Jose Sharks 7-1 in fourth NHL quarter final match",0
"Fiji makes progress on gender roles according to 2012 Report on Gender Equality and Development",0
"Large fires kill many in Dhaka, Bangladesh",0
"Iranian diplomat abducted in Pakistan",0
"Officials Identify Alabama Gunman",0
"Chinese General threatens U.S. with nuclear weapons over possible Taiwan Strait conflict, Beijing downplays comment",0
"HBO plans expansion of TV channels in Asia",0
"Ahmedi of Iran's PDKI discusses Kurdistan's general strike and the democratic future of Iran",0
"Temp Job in Paradise Pays $100,000",0
"Teräsbetoni's 'Myrskyntuoja' tops Finnish album chart",0
"Hillary Clinton nominated as US Secretary of State",0
"Wife Withdrew $15.5 Million Before Madoff Arrest",0
"Schwarzenegger Gets Part in Stallone Film",0
"France and Germany resume growth, exit recession",0
"I.R.S. Thwarted as Court Shields Textron Tax Papers",0
"Deceased Indonesian man had suspected case of bird flu",0
"Field Playing Catch-Up at Open as Barnes Sets Scoring Record",0
"Six more arrests made in search for killer of Rhys Jones",0
"British serial killer jailed for three prostitute murders",0
"Zimbabwe minister warns media",0
"Seventeen-year-old shot dead in Merseyside, England",0
"Twelve people dead after blast in north-west Pakistan",0
"A Defeat That Fits the Knicks to a T",0
"13th Annual Beverly Hills film festival opens",0
"American actress Bea Arthur dies at age 86",0
"French journalist held hostage in Iraq freed",0
"Reid and Eagles Arrive at  a Familiar Place, and Vow to Move on",0
"Gilad Shalit to be exchanged for Palestinian prisoners",0
"Desperate Children Flee Zimbabwe, for Lives Just as Desolate",0
"Israeli President chooses Likud leader to form the 18th Knesset government",0
"Further arrest made in connection with shooting of Rhys Jones",0
"Raids take place as enquiry into failed UK bombings continues",0
"Matt Kenseth wins 2011 NASCAR Samsung Mobile 500",0
"Canadian Conservatives vow to defend Arctic sovereignty",0
"Hertfordshire, England police arrest armed suspect after stand-off",0
"Opposition agrees to join Lebanese government",0
"Coordinated series of bombs kills at least 80 in India",0
"Massimino, an N.C.A.A. Winner, Becomes N.A.I.A. Success",0
"San Jose mayor Gonzales indicted on six counts",0
"California Senator launches probe into National Guard abuse allegations",0
"S.E.C. Seeks to Limit Stock Trades by Its Workers",0
"Illinois House impeaches Blagojevich",0
"Witnesses testify in former Iraqi leader Saddam Hussein's trial",0
"Ayatollah Ali Khamenei speaks about Iranian presidential election protests at prayers",0
"Proms performance by Israel Philharmonic Orchestra disrupted",0
"Balancing Freedom and the Role of the State in Germany",0
"Revamped Nuggets Have Reason to Hope",0
"Lockheed Posts Profit but Cuts Forecast",0
"Australian Treasury related agencies spend 17000 AUD on massages in 2004",0
"A Hockey Fight That May Impact on Other Clubs",0
"Ghosts of a Faded Gilded Age Haunt a 19th-Century Chinese Banking Hub",0
"GLAAD Media Awards nominees announced",0
"US unemployment rate highest in 26 years",0
"7.0 magnitude earthquake strikes off Haitian coast",0
"Large hoard of Anglo-Saxon gold found in Staffordshire, England",0
"Shuttle Docks, and Astronauts Number 13 on Station",0
"Missouri Circuit Court Judge Werner Moentmann rules that Planned Parenthood must repay money.",0
"Reality TV star sought after model found dead in California dumpster",0
"Spain legalizes same-sex marriage",0
"Ferry hijacked to protest slogans in assassinated Turkish-Armenian journalist's funeral",0
"A County in China Sees Its Fortunes in Tea Leaves Until a Bubble Bursts",0
"UK to ban Islamist group al-Shabaab",0
"Citigroup Is Said to Be Raising Pay for Workers",0
"British doctor killed while on honeymoon",0
"Domestic economic impacts likely after Japanese earthquake",0
"Carter: Race relations in Palestine are worse than apartheid",0
"Rodriguez Takes the Field for Yanks, and Few Seem to Notice",0
"Football: FSV Mainz 05 advance to semi-final of DFB Pokal",0
"Daimler Cedes Its 19.9% Stake to Chrysler",0
"Íngrid Betancourt returns to France",0
"Woman Is Elected to Lead Lithuania",0
"Dam removal proposal for Klamath River",0
"Bangladesh mutiny leaves scores of officers dead",0
"Ben Folds performs at Western Connecticut State University",0
"Deepening Slump Seen in European Output",0
"Rumsfeld memo recognizes need for 'major adjustment' in Iraq",0
"Humans Intrude on an Indonesian Park",0
"In Uncertain Times, the Business of Golf Is Thriving in New Orleans",0
"In 2009, Layoffs Is the Business to Be In",0
"Palestinian official newspapers: Israel uses super rats against Jerusalem Arabs",0
"Philippine fireworks factory explosion kills at least 8, injures 70 more",0
"Madoff Lawyer Absorbs Part of the Rage",0
"Captain and four shipping companies face legal action over 2009 Australian oil spill",0
"Exit Festival 05 begins tomorrow",0
"United Kingdom expels four Russian diplomats",0
"Sony in Expansion of U.S. and Foreign TV Business",0
"Over 900 people dead, 14,000 infected in Haitian cholera outbreak",0
"US Marine killed after vehicle capsizes, sinks in Oceanside Harbor, California",0
"Visa seeks to issue largest IPO in US history",0
"Bart Simpson used to promote Scientology",0
"Civilian Jury Considers Death Penalty for Ex-G.I.",0
"Canada presses Iran for an international investigation into Kazemi death",0
"Japan announces moon program",0
"Report: 50,000 American casualties in Iraq",0
"Former Yugoslavian president Slobodan Milosevic found dead in his cell",0
"The Power of a Nudge Toward Thrift",0
"Car bomb kills seventeen in Pakistan",0
"Blast kills seven in China",0
"Kofi Annan appeals for cooperation and leadership from USA",0
"UK scientists discover multiple antibiotics used by fungus-farming ants to protect colonies",0
"Former Illinois governor Blagojevich asks US Supreme Court to delay corruption trial, prosecutors to respond by Friday",0
"Boeing Executive Sees Recovery in Airline Traffic",0
"Six-year-old boy dies two weeks after falling through icy pond in Berkshire, England",0
"Cuba restores relations with European Union",0
"Obama, Medvedev sign treaty cutting nuclear stockpiles",0
"With Victory, Louisville Is Tied for Lead in Big East",0
"Somali pirates seize tanker off coast of Madagascar",0
"Work begins on ""Lisbon Treaty""",0
"Morning-after pill to be made available to 17-year-olds, U.S. federal judge rules",0
"ITER, a Clean Energy Fusion Project, Promises Unlimited Electricity",0
"World leaders respond to London blasts",0
"National Aromanian Day celebrated",0
"Security Budget Shows Soaring Olympic Costs",0
"Author of My Billion Year Contract reflects on life in elite Scientology group",0
"21 people killed and 113 reported injured in three blasts in Mumbai",0
"Airbus offers funding to search for black boxes from Air France disaster",0
"Yankees win 3 in 4 game series with Red Sox",0
"Porsche automaker's global sales drop 28%",0
"Four Pakistani policemen shot dead",0
"Neil Entwistle agrees to extradition",0
"Signs of Possible Deal in Pakistan Turmoil",0
"Regulators in Madoff Inquiry Defend Actions",0
"UN 'optimistic' on tsunami aid effort",0
"House Panel Nears Agreement on Energy and Climate Bill",0
"Death toll from China rainstorm reaches 65",0
"Some New York Businesses Turn to Wind Power",0
"Jobless Rate Surpasses 10% in 15 States and D.C.",0
"Do Conference Tournaments Help or Hurt? Theories Abound",0
"Clinton and Obama call for unity in Democratic Party",0
"Bell Canada Enterprises might be taken private",0
"Swedish journalists hit by hacking scandal",0
"Judge Allows Civil Lawsuit Over Claims of Torture",0
"At M.I.T., Large Lectures Are Going the Way of the Blackboard",0
"Honduras interim government rejects orders to reinstate deposed president",0
"Shawn Crawford Wins 200-Meter U.S. Championship",0
"Smashing Pumpkins may reunite",0
"Altercation erupts between rock musicians at MTV Music Video Awards",0
"Israel to install missile defense systems on airliners",0
"Orrin Hatch accidentally compares Iraq to Vietnam",0
"FedEx Earnings Fall, but Market Share Gains",0
"Creator of website satirizing Glenn Beck on winning domain name case",0
"Gas tanks explode at facility in Texas, US",0
"Lennar Says Home Sales Rose in Quarter",0
"New Band Aid music video is launched",0
"Russia Reopens Case of Murdered Journalist",0
"Interview: Danny O'Brien of the Electronic Frontier Foundation",0
"As David Villa Scores, Rich Clubs Ponder Their Checkbooks",0
"Canada keeping eye on Deepwater Horizon spill",0
"Polaroid Lovers Try to Revive Its Instant Film",0
"Romania to adopt euro between 2012 and 2014",0
"Cyprus detains weapon-laden ship",0
"Jersey child abuse case 'was not covered up'",0
"Bid for Madoff Trading Unit Is $15 Million",0
"US wildfire reaches Interstate 5 near Los Angeles",0
"Interview with Vicky Dhillon, City Council candidate for Wards 9 & 10 in Brampton, Canada",0
"Ancient prayer book found in Irish bog",0
"English court jails policeman over insurance fraud",0
"China targets Google, Baidu and Internet portals over porn",0
"An Unexpected Increase in Factory Orders",0
"South African Prosecutors May Drop Fraud Charges Against A.N.C. Leader Jacob Zuma",0
"Collingwood win 2010 AFL Grand Final replay",0
"Bank of America Holders Are Soured on Chief",0
"Body cemented in barrel found in Toronto harbour",0
"Expedition 27 crew successfully returns to Earth",0
"Nokia Plans 1,700 Job Cuts as Sales Slow",0
"Made Dizzy by the Zloty, Poland Looks to the Predictable Euro",0
"900 oil refinery workers fired after strike at Lindsey",0
"Failed suicide bomber imprisoned for life",0
"Earth Day 2008 marked in various ways",0
"Cypriot court begins Greek air disaster trial",0
"Prison Term for a Seller of Medical Marijuana",0
"Former South African official Jacob Zuma charged with rape",0
"Libertarian National Committee in fierce deadlock over how to address growing Bob Barr controversies",0
"2010 Chile earthquakes: Government confirms 452 dead",0
"Several injured in suicide bomb blast near police lane, Islamabad",0
"Russian singer Lyudmila Zykina dies at age 80",0
"Israel Ends Inquiry Into Abuse in Gaza",0
"The I.R.S. Deems UBS Executive a Fugitive",0
"UK regulator warns MasterCard",0
"Republicans seek to reduce ethics rules",0
"Robotic cars successfully complete 132-mile DARPA Grand Challenge race",0
"Blockbuster and TiVo Join To Deliver Digital Movies",0
"Zimbabwe begins vote recount",0
"Judge Approves Inquiry Into Barclays Deal to Buy Lehman Unit",0
"National Park Service covers donation box at United Airlines Flight 93 memorial",0
"Goat head delivered to Chicago Cubs owner Tom Ricketts",0
"Edward Woodward, English actor, dies aged 79",0
"Red tide affects South Padre Island, Mexico",0
"Argentina Decides to Move Up Its Elections",0
"'Statues of Democracy' removed in Hong Kong",0
"Italian PM Prodi loses confidence vote, resigns",0
"Samsung releases its first tablet computer",0
"Former U.S. senator Lloyd Bentsen dies at 85",0
"Investigators Take Closer Look at Rep. Jackson in Blagojevich Case",0
"Parts of US airplane fall from sky in Brazil",0
"America's atomic bombing commemoration held in Hiroshima",0
"One killed, many boats damaged in storms on Spanish island of Majorca",0
"America's Cup: Alinghi are fifth race victors",0
"Tibet Atrocities Dot Official China History",0
"Boeing 737 makes emergency landing at Vnukovo airport in Moscow",0
"Afghan president Karzai widens lead in early voting count",0
"Expedition 26 crew blast off to space station",0
"Suspected Iraqi bomber murders investigator",0
"Tom DeLay faces two new indictments for money laundering",0
"Torture Survivors to Testify at Khmer Rouge Trial",0
"International Festival of Cinema ""Oberá en cortos"" begins",0
"Martinsville, Va., a Potential Racing Hub, Shifts Focus",0
"Hotel quarantined after anthrax scare in US state of Michigan",0
"6 Are Killed and 67 Hurt in Bombings in Iraq Cities",0
"Bomb attack in Londonderry, Northern Ireland injures two police officers",0
"Obama to Transfer Terrorism Detainee to U.S. for Trial",0
"In Wyoming, Debate Rages Over Elk Feeding Program",0
"Bail Set for Cosmo in $400 Million Fraud Case",0
"Greek parliament passes austerity bill",0
"Hindu Holy Men in India threaten to boycott Ganges River Festival because of pollution",0
"Belgian triathletes race at North Sea coast",0
"Manchester United Faces Tough Test in Portugal",0
"Occupation in London enters fifth day",0
"Crossing guard killed by truck in Glasgow, Scotland",0
"Bronislaw Komorowski sworn in as president of Poland",0
"Obama Tells His Cabinet to Look for Efficiency",0
"US President George Bush discusses 'war on terror'",0
"Florida declares 'state of emergency', Hurricane Dennis category 4 storm",0
"Richard Stallman, founder of GNU Project confirmed safe after earthquake",0
"Existing US home sales fall 9.6% in February",0
"Canberrans spend Easter outside: in pictures",0
"Heartbreaking Triage as Fargo Battles Floods",0
"Whooping cough outbreak kills ten infants in California",0
"7.4 earthquake strikes Bonin Islands in Japan",0
"Attorney General Challenges Anti-Bias Law in California",0
"New Zealand holiday road toll at 26-year low",0
"A 3nd Rescue Would Give U.S. 40% of Citigroup",0
"Authorities search for victims of Peruvian air crash",0
"Though Hobbled, North Carolina Gets by Virginia Tech",0
"Darling announces UK budget for 2009",0
"New Guidance Issued on Military Trials of Detainees",0
"UK New Year's Day murder suspect jumps from seventh floor window",0
"Australian man arrested at U.S. Capitol building",0
"A New Round of Worries Pushes Shares Lower",0
"David Lange, former New Zealand prime minister, dies at 63",0
"Turkey bans pro-Kurdish party",0
"Executive Hired to Salvage A.I.G. Becomes a Target",0
"Taliban commander blows himself up in Pakistan",0
"Journalist accuses Algerian footballer of assault after World Cup exit",0
"Homer and Tough Defense Propel the Mets",0
"Bernanke Says Recovery Is at Least a Year Away",0
"Iraqi Soccer Team Finally Returns Home",0
"Eric Bogosian on writing and the creative urge",0
"US president Obama, Congress call for blocking of executive bonuses at AIG insurance company",0
"Britain Refuses Entry to Dutch Lawmaker Whose Remarks and Film Have Angered Muslims",0
"Four young girls killed in Zambia wall collapse",0
"6.2 magnitude aftershock provokes panic in southern Chile",0
"Janus Chief Resigns After Shaking Up Fund Manager",0
"Toxic Dose of Selenium Cited in Deaths of Polo Horses",0
"NASA flyby of Saturn moon Titan produces first image of liquid on another world",0
"Bobby Bowden Fumbles Chance at Greater Legacy",0
"Biological Encyclopedia website too popular on first day, crashes",0
"Pioneer chemist Albert Hofmann dies at age 102",0
"Redstone Gets More Time to Pay $1.46 Billion Debt",0
"Israeli Cabinet Appears Ready to Declare a Gaza Cease-Fire",0
"Officials: Plot to kill Indonesian president foiled",0
"Workers at JLG in France Use Threat to Win Severance Pay",0
"Tunisia casts vote in first free election",0
"Bulusan Volcano releases some ash",0
"Four women killed in Papua New Guinea witchhunt",0
"Saudi King Dismisses 2 Officials in a Shuffle",0
"Queensland election candidates on Gold Coast back daylight saving",0
"Auto Crisis Adviser Is Called Pro-Labor Pragmatist",0
"Indonesian suspected bird flu case dies; symptoms included encephalitis",0
"Woman appointed as Bucharest prefect",0
"Gunmen Kidnap 3 Workers With Aid Group in Darfur",0
"Court witness kidnapped in Buffalo, New York",0
"Lakers Survive Slow Start to Take 3-1 Series Lead",0
"Former British Northern Ireland secretary Mo Mowlam dies",0
"False dawn for Air France flight; debris not from crash, search continues",0
"Int'l Football: Liverpool beats Kaunas 3 - 1",0
"Google changes Gmail to Google Mail in the UK",0
"European Commission might impose embargo on Chinese products",0
"Roche Names Leaders for Genentech",0
"44 dead and over 300,000 homeless after flooding in Brazil",0
"With Magazines Folding, One Finds a Surprising Bid",0
"Seventeen soldiers die in Turkey helicopter crash",0
"Court participates in traffic ticket amnesty program",0
"Terror suspects arrested in connection with bombing public bus in Israel",0
"Partizan Belgrade kicked out of 2007/08 UEFA Cup",0
"On Easter, Pope Ponders Life, Death and Reconciliation",0
"2008 TICA highlights open source applications at Linux Forum & Expo",0
"UK students protest for second time this month",0
"Witness to Say She Saw Bonds Being Injected",0
"Stage collapse at Canadian ""Big Valley Jamboree"" kills one, and seriously injures four others",0
"Report Says Principal Put Dallas Students in Fight Cage",0
"Olympic Champion Wanjiru Leads a New Wave of Marathoners",0
"Big time Democratic donor faces prison after surrender",0
"Suspect in Ponzi Scheme Surrenders on Long Island",0
"NFL: Cowboys cornerback Pacman Jones can't discuss police incident",0
"Finnish Olympic champion skier Mika Myllylä found dead",0
"With All Eyes on Him, Sean Avery Lifts Rangers",0
"U.S. Bancorp Reports Steep Quarterly Decline",0
"UEFA Champions League: April 8, 2008",0
"Coroner Adds to Questions in Italy Murder Case",0
"New Media Breaks in, but Tradition Lives On",0
"2008 Tour de Taiwan Stage 2: European & American cyclists rise up",0
"Russia Restores Gas to Ukraine",0
"Stewart Wins a Nascar All-Star Race for the First Time",0
"Disappointing Retail Sales Sends Shares Down",0
"5.9 magnitude earthquake in Pichilemu, Chile revives fears of new tragedy",0
"Serena Williams Struggles and Blake Loses Again at French Open",0
"What Next for a French Meteor?",0
"Intel responds to AMD antitrust suit",0
"Los Angeles undergoing large power outage",0
"UK Jobcentre call centre staff on 48-hour strike",0
"Cuomo Wins Ruling to Name Merrill Bonus Recipients",0
"11th-Hour Ruling Blocks Utah Oil and Gas Leases",0
"Years of International Herald Tribune Articles Disappear",0
"Court of Appeal upholds Ontario's talks with Caledonia",0
"Over half of Romanian terminal grade students fail baccalaureate exam",0
"Dow Jones recovers hundreds of points, before losing them in minutes",0
"Bighorn Trail 100 Is a Race Against Treacherous Landscape",0
"Markets rally as world's central banks infuse cash",0
"33 killed by firecracker blaze in India",0
"Eva Hassett, VP of Savarino Construction Services Corp. answers questions on Buffalo, N.Y. hotel redesign",0
"A City Adds a String of Arsons to Its List of Troubles",0
"Who Needs Retirement, Anyway?",0
"Release of 'Verizon iPhone' set for early February",0
"S.E.C. Ends Its Case Against Kozlowski and Swartz of Tyco",0
"First Trojan horse to affect handheld gaming console found",0
"Missteps, and Quick Recovery, in White House With Strong Congressional Ties",0
"RNA journal submits articles to Wikipedia",0
"Four Boy Scouts killed in Iowa tornado",0
"James Doohan, Star Trek's 'Scotty', dies at 85",0
"Ex-Credit Suisse Executive Named to Run UBS",0
"Autopsy reveals that Terri Schiavo was in a persistent vegetative state",0
"Grand Jury Indicts 3 in Tax Scheme",0
"Paper Details Sites on Mars With Plumes of Methane",0
"UK drivers urged not to panic buy during delivery strikes",0
"Obama Repeats Threat to Veto Bill Over F-22 Jet",0
"US pressure group proposes covert attack on Iran",0
"Mexican Prosecutors Train in U.S. for Changes in Their Legal System",0
"Brazilian delegation returns from Arafat funeral",0
"Staging a Financial Recovery",0
"House Looks Into Secrets Withheld From Congress",0
"Edmonton prison conflict wounds eight",0
"Plant Would Let Algae Turn Carbon Dioxide to Fuel",0
"A Soccer World Traveler Comes Full Circle",0
"Britons urged not to vote by post",0
"Keeping Pitchers Under Thumb at World Baseball Classic",0
"Baghdad bombing kills several people, scores injured",0
"Ontario Provincial Police: Caledonia land dispute is top priority",0
"Network Rail employee arrested in connection with Cumbrian train crash",0
"At the Garden, a Reminder of Why the Game Matters",0
"British Chancellor George Osborne downgrades growth forecast in annual budget",0
"One killed in University of Oklahoma explosion",0
"Australian Senate passes resolution opposing death penalty in shadow of Van Nguyen execution",0
"In Pain and Joy of Envy, the Brain May Play a Role",0
"Judge threatened Michael Jackson with jail",0
"Bush appoints John Bolton United States' ambassador to the United Nations",0
"India, Pakistan begin next round of talks",0
"Paramilitary group calls for end to rioting in Northern Ireland",0
"Local Governments Turn to Fees to Fill Budget Gaps",0
"Clinton warns North Korea of ""provocative behavior""",0
"Obama Resists Calls for a Tougher Stance on Iran",0
"Full video of Tigger incident reveals different story",0
"British Columbia helicopter crash kills 4",0
"Rwandan army officer sentenced to 25 years for genocide",0
"Brazilian news agency using free software for multimedia broadcasting",0
"Over 30 killed in Mexico dynamite truck explosion",0
"Ohio man arrested for cutting grass in public park",0
"McCain delays campaign, Obama says continue the debates",0
"Cyclone in eastern India kills 31",0
"Three children die in Edinburgh house fire",0
"U.S. Is Said to Oppose Merger of CSL and Talecris",0
"For Obama, Talk About Economy Goes Into Late Night",0
"Towers Perrin and Watson Wyatt in Merger",0
"Belgrade: demonstration against independent Kosovo escalates into riots",0
"Surge in Surfers for Online Classified Ads",0
"Musician John Martyn dies at age 60",0
"Woman hospitalized after allegedly stabbing daughter to death at Fort MacArthur, California",0
"Mike Rodgers and Carmelita Jeter Win U.S. Titles in 100",0
"BP: New cap on Gulf of Mexico oil well in place",0
"Missouri town re-elects deceased mayor",0
"Kimi Räikkönen wins 2007 Belgian Grand Prix",0
"Rocket carrying NASA carbon dioxide satellite crashes into ocean",0
"Up to one-half of Somali food aid diverted from needy",0
"European court in Strasbourg rules UK's Terrorism Act in breach of human rights law",0
"Plans set in motion for the removal of Bob Barr as the Libertarian Party's U.S. presidential nominee",0
"Economist Milton Friedman dies at 94",0
"Q & A with Stuart Elliott",0
"30 travelers from Rwanda die in Ugandan bus crash",0
"National Hockey League news: June 21, 2008",0
"Health expert: Swine flu outbreak exaggerated by pharmaceutical companies for profits",0
"World Summit on the Information Society ends in Tunisia",0
"Gunmen abduct aid workers in Sudan",0
"Gabonese president Omar Bongo dies at age 73",0
"Data Shows Deepening of Slump in Europe",0
"Tensions rise between North Korea and United States",0
"Iran tests new centrifuges",0
"Over 50 dead after Iraq bombing",0
"Floods in midwest and plains kill over 20",0
"Apple Inc. doubled its profits",0
"Canada and Newsweek Seek Release of Reporter Detained in Iran",0
"Voluntary student unionism bill passes Australian House of Representatives, enters Senate",0
"Toyota, Tesla to develop electric SUV",0
"Afghan policeman opens fire on US troops, kills two",0
"Historical Trove, Freed From Storage, Gets a Home",0
"Apple plans another special event",0
"Companies Warm to Sponsoring Mixed Martial Arts",0
"Chinese Golfer Makes a Name for Herself on L.P.G.A. Tour",0
"Taliban Accepts Pakistan Cease-Fire",0
"Phelps Is a Touch Behind Peirsol at the UltraSwim Meet",0
"U.S. Senate approves revised bailout package after controversial additions",0
"Preparing for a Flood of Energy Efficiency Spending",0
"Female lawyers to be granted court access in Saudi Arabia",0
"6.4 magnitude earthquake rocks Andaman Islands",0
"Bus drivers to strike in Auckland",0
"Amnesty report's criticisms rejected by Bush administration",0
"77 names added to fallen journalist memorial in Washington, D.C.",0
"Californian Would Add Wide Experience to Court",0
"Issue of Gun Rights Still Holds Sway",0
"Wikipedia founder Jimmy Wales announces cooperation between KDE Group and Wikimedia",0
"Movies Sell Slowly at Sundance",0
"Bomb explosion kills two in Nepal church",0
"Growth of Eco-Tourism Raises Concerns",0
"German Social and Christian Democrats agree on new government",0
"UBS and U.S. Seek Delay to Try to Settle Tax Case",0
"UK company ""seriously considering"" GPS tracking devices in school uniforms",0
"Alice Cooper sets up Christian at-risk youth center in Phoenix, US",0
"Selling a New Deal, but Promising It Will Be Brief",0
"Bank of Japan Upgrades Its Outlook for Economy",0
"2 Britons Die During Peak Ascent in the Alps",0
"Apple launches 3G iPhone",0
"Keeping True Identity Online Becomes Battle",0
"Pakistan Army Claims Control of Main Swat Town",0
"Sepp Blatter pick for FIFA World Cup draw presenter labelled as sexist",0
"MillerCoors and Asics Bring Action to Ads on ESPN",0
"Top Seeds Squeeze Through",0
"Fifteen killed in Somalia bombing",0
"Palestinian rocket attack kills Israeli woman",0
"Gunmen Kill Judge in Ingushetia in Latest Caucasus Violence",0
"Australia's Queensland Roar through to A-League football preliminary final",0
"Fearing Wildfires, Utility Plans Power Shutdowns",0
"Controversial U.S. abortion doctor shot dead in Kansas church",0
"Athletics Scrap Plan to Build New Stadium",0
"Google doubles Gmail storage, adds text formatting",0
"Boeing Employees Among Dead in Turkish Air Crash",0
"Two dead after two light aircraft crash in Isle of Wight, England",0
"California man convicted of murdering five firefighters by starting wildfire",0
"New Michael Jackson song to be released",0
"Trade Deficit Narrows as Imports Decline Sharply",0
"Swine flu worldwide: update",0
"Lindsey Vonn Makes It Back-to-Back World Cup Overall Titles",0
"Sotomayor, a Trailblazer and a Dreamer",0
"3000 homeless after fire breaks out in Chad refugee camp",0
"Soyuz rocket launches GIOVE-B satellite",0
"European Court of Justice rules ISPs not obliged to reveal identity of people suspected of illegal sharing",0
"What Red Ink? Wall St. Paid Fat Bonuses",0
"Palestinian protester killed by Israeli soldiers",0
"UK elections: Gordon Brown offers resignation to secure Labour-Liberal coalition",0
"Mark Martin, 50, Wins Wreck-Filled Southern 500",0
"Metropolitan Police release photographs of one of the London bombers",0
"South African sprinter Philip Rabinowitz dies at age 104",0
"Protesters arrested after barricading themselves inside portion of Keystone Oil Pipeline",0
"Suicide bomber attacks Iraqi mosque; twelve dead",0
"$8 Million Award in First Solo Tobacco Trial",0
"Police raid filesharing resources",0
"Wikileaks release Afghan ""war logs"" in co-operation with mainstream media",0
"In Gaza, the Wait to Rebuild Lingers",0
"English Football: Manchester United News for August 6, 2008",0
"International controversy over UN declaration to stop anti-homosexuality legislation",0
"Andrew Sayers resigns National Museum of Australia directorship",0
"Controversial Florida attorney Jack Thompson disbarred",0
"School bus crash kills one student in Georgia, US",0
"Tsunami warning briefly issued for Indian Ocean after latest earthquake",0
"19th century stable in Buffalo, New York officially saved from demolition",0
"Namibia struck by floods, president declares state of emergency",0
"UK's most-read papers found to be in contempt of court",0
"Photo Stirs Speculation on North Korean Leader",0
"Bouncer stabbed to death in Atlantic City brawl",0
"Georgia Bureau of Investigation says drugs found in Benoit, wife, and son",0
"The Dutch Throw a Scare Into Puerto Rico",0
"British girl hospitalized after riding Disney's Tower of Terror",0
"Nevada Republican opposes Angle for US Senate over 'extreme' anti-abortion position",0
"Cold cases in West Australia examined for Murdoch link",0
"Clean Coal Technologies Gaining Favor",0
"Shuttle launch called off due to faulty fuel tank sensor",0
"Former President Roh Moo-hyun of South Korea, Embroiled in Bribery Scandal, Was Overwhelmed by Despair",0
"Toyota Is Tightening Its Belt",0
"Judging the Courts: Wikinews interviews Prof. Lawrence Douglas",0
"Australia reclaim Ashes in Perth",0
"Behind Red Tides, the Swimming and Shape of Plankton",0
"Milk Scandal in China Yields Cash for Parents",0
"Mayor of Camden, London, arrested in benefit fraud inquiry",0
"Informal MSNBC Poll: 87% of respondents believe Bush should be impeached",0
"Brazilian environmentalists tell residents to urinate in shower to save water",0
"Yemeni passenger plane with 153 people onboard crashes into Indian Ocean",0
"Bad Economy Leads Patients To Put Off Surgery, or Rush It",0
"CanJet Flight 918 hijacked",0
"Quality Start and 9 Hits Add Up to a Mets Victory",0
"UK politician Nick Clegg wins historic first televised political debate",0
"Hurricane Dean makes second landfall; weakens to Category 1 storm",0
"Tanker explodes on I-75 north of Detroit",0
"Arctic ice cap shrank sharply this summer",0
"African Union Summit ends in Accra",0
"25 dead after fire in Chinese coal mine",0
"Israel releases 26 Palestinian prisoners",0
"Walt Disney Plans to Lay Off Workers",0
"G.E. to Build Research Center Near Detroit",0
"Motorola to Cut 4,000 More Jobs",0
"Search-and-rescue dog that found 9/11 survivor to be cloned",0
"Philip Rizk, Protester Freed by Egypt, Describes Ordeal",0
"First Women Win Seats in Kuwait Parliament",0
"Chinese short movie mocks Kim Jong il and his secret agent",0
"CERN says repairs to LHC particle accelerator to cost US$21 million",0
"Two men fined over 2006 German train crash that killed 23",0
"Army in Mexico Seizes 25 Gunmen",0
"Papua New Guinea police chief attacked, houses torched in response",0
"Iran's Ahmadinejad wants change in US policies, not 'tactics'",0
"Experts Compile Mock N.B.A. Drafts Because They Have To",0
"2008 III IDEAS Show to showcase achievements of Internet industry in Taiwan",0
"Scientists find key human language gene",0
"Serial killer suspected loose in New York, more bodies found",0
"Ford offers US$78 million for Romanian auto plant",0
"Death of Rider Jeremy Lusk Points to   Perils of Motocross",0
"São Paulo crowned Copa Libertadores champions",0
"A Wrenching Management Shuffle of the  U.S. Olympic Committee",0
"Invalid Ballots in Florida Doubled in 2008",0
"Despite All Odds, Filly Is Clear Favorite in the Preakness",0
"Saudi Arabia, Bahrain, Kuwait recall ambassadors to Syria",0
"New Caledonia prepares for 2011 South Pacific Games",0
"Australian TV network sprung fabricating live crosses by rival",0
"Telecom Commission of Solomon Islands issues phone company US$1M fine",0
"Mullins, Trainer of I Want Revenge, Is Suspended",0
"Replicating Charm, but Losing Old Yankee Stadium Advantage",0
"Spurs Acquire Jefferson From Bucks for 3 Players",0
"Balancing Financial Innovation and Consumer Protection",0
"U.S. Cites Emergency in Asbestos-Poisoned Town",0
"Number of suspects in Finnish dogfighting case rises to ten",0
"Slovakia on track to adopt euro in 2009",0
"Conrad Black loses appeal against fraud conviction",0
"Australia grants temporary asylum to 12 Commonwealth Games athletes",0
"Perez Struggles Again as Mets Revert to Bad Habits",0
"Military plane crashes in Chilean Juan Fernández Archipelago; reports say no survivors",0
"NATO Struggles With Conflicting Views on Russia",0
"Explosion in Chelmsford, Essex",0
"Halifax bank: UK house prices rose 0.6% during July",0
"7 killed, 50 injured in Bangladesh shopping mall fire",0
"Irish Obama song proves popular on Internet",0
"US nuclear security director asked to resign",0
"Íngrid Betancourt and others rescued, says Colombia",0
"Ousted president Manuel Zelaya heads back to Honduras",0
"Soviet human rights activist Yelena Bonner dies aged 88",0
"UN observers in Syria fired upon as report alleges US warplanes readying attack",0
"Clint Brown, TV3 presenter, gives ""unsatisfactory"" letter of apology",0
"Quarterly Profit at Costco Falls 29%",0
"Italian university legislation sparks protests from students and staff",0
"British man fully ""recovers"" from HIV",0
"As It Falters, Eastern Europe Raises Risks",0
"New Zealand pilots receive bravery awards for foiling airliner hijack",0
"NASA successfully launches Kepler Telescope",0
"Floodwaters swamp Cedar Rapids, Iowa",0
"Australian and New Zealander freemasons arrested for sorcery in Fiji",0
"Kata Air An-32 crashes - all presumed dead",0
"Wreckage, victims of Air France Flight 447 found",0
"Economy center stage in French elections",0
"Maiyo and Romanova triumph in Charleston's Cooper River Bridge Run",0
"ConocoPhillips Reports a Fourth-Quarter Loss",0
"IRA decommissioning complete - de Chastelain",0
"Travel Companies Strike a Recession Summer Theme",0
"Posted deadlines for Christmas delivery",0
"NASCAR: Jamie McMurray wins 2010 Bank of America 500",0
"Multiple explosions in Russian coal mine, eleven dead",0
"Coordinated terrorist attack hits London",0
"Scientists shocked at Great Barrier Reef bleaching",0
"French Find Safety Nets Multiplying in Pastures",0
"Germany Has Responded Slowly to Bank Crisis",0
"Suspended letterbox for sale on New Zealand auction site",0
"Texas Tech coach may move to University of Miami",0
"Strong Finish Gives Boston University Its 29th Beanpot Title",0
"World's cheapest car launched in India, will go on sale in April",0
"Non-industrial emissions key for meeting Kyoto targets in Europe",0
"Wikinews interviews Spanish Paralympic swimmer Deborah Font",0
"Washington Sees Excess in Its Fund for Jobless",0
"Stranded Russian minisub is trapped by 60 tonne anchor",0
"Study estimates first human HIV infection 100 years ago",0
"Poll predicts another Liberal Party minority government in Canada",0
"Italian Minister of Economy resigns",0
"National Party of Australia to trial community pre-selections at 2011 NSW election",0
"The Sideline Inbounds Pass Becomes a New Point of Interest",0
"Before Election, South Africans Grumble, but Favor A.N.C.",0
"Is It Time to Retrain Business Schools?",0
"Discworld author films his battle with Alzheimer's",0
"Tennessee Governor signs budget bill",0
"Rwandan businessmen sentenced for War Crimes",0
"Saudi Arabia arrests over 100 people suspected of having links to al-Qaeda",0
"U.S.-China Military Talks Resume",0
"Researchers Hunt for Fishless Lakes in Maine",0
"Gunman Was Suspect in Rape, Police Say",0
"Angel McCoughtry Leads Louisville to Its First Final Four",0
"Nine killed by car bomb in Iraq, 31 injured",0
"As Troops Enter Gaza City, Israel Sees an Opening",0
"World Health Organization calls for ban on tobacco ads",0
"England win the Ashes",0
"Lewis Hamilton wins 2009 Singapore Grand Prix",0
"Guard of Key Witness Killed Before Terror Trial in Greece",0
"Israeli President Shimon Peres collapses in Tel Aviv",0
"India wins Gavaskar Border trophy defeating Australia 2-0",0
"Sri Lanka Attacks Said to Kill Dozens in Hospital",0
"Haiti postpones presidential elections until December",0
"US Student reveals book visit a hoax",0
"Both sides of Kenya's constitution dispute are negotiating",0
"At least 41 killed in bombings in Iraq",0
"25 Militants Are Killed in Attack in Pakistan",0
"Obama Team Makes Early Efforts to Show Willingness to Reach Out to Republicans",0
"US air carrier Spirit Airlines announces $45 carry-on baggage fee",0
"Getting a Glimpse of the Lighter Side of A.J. Burnett",0
"Gale Norton resigns as U.S. Secretary of the Interior",0
"Manitoba's flood creating hazardous conditions",0
"Yahoo! to purge personal data after 3 months",0
"Foreigners buy record number of Canadian securities",0
"Ferry capsizes in Bangladesh, at least five dead and 50 missing",0
"UN: 30,000 people affected by flooding in Kenya",0
"'Serious' terror threat in Mumbai; police hunt four suspected militants",0
"Former Philippine President Corazon Aquino dies at age 76",0
"Parents prosecuted after homeopathic treatment leads to daughter's death",0
"Amazon Rights Error After Tweet-Rage on Twitter",0
"Tariff Protests in Eastern Port Rattle Kremlin",0
"Canadian CEO surrenders to police",0
"Several Big Banks Halt Foreclosures Until March",0
"Crocodile Hunter's Steve Irwin dies at 44",0
"Mayor of Oslo resigns after tax fraud scandal",0
"8 Teams Threaten to Splinter From Formula One",0
"Lindsay Lohan surrenders to police",0
"Pope John Paul II leaves hospital",0
"For Tough Recyclables, a Self-Mending Plastic",0
"Ukraine opposition candidate Yushchenko is suffering from a Dioxin intoxication, doctors say",0
"Justices Explore Role Race May Play in Employment",0
"Aides Say No Pardon for Libby Irked Cheney",0
"At 17, Mets Prospect Wilmer Flores Is on Fast Track to the Majors",0
"Meddling or Good Business?",0
"'World' stops turning for longest-running US soap opera",0
"Administration Seeks to Regulate Derivatives",0
"Mortar exchange kills thirteen in Somali capital",0
"California offers rebates for alternative fuel vehicles",0
"President of Costa Rica contracts H1N1 swine flu",0
"Hedge Fund Manager Accused of Fraud",0
"New record time spent in space",0
"Foreigners Filling Jobs That Iraqis Often Shun",0
"US and France to work together for new Iran sanctions",0
"Magnitude 6.5 earthquake rocks the Solomon Islands",0
"Van Halen singer impersonated in Canadian medical scare",0
"UN: World hunger at all-time high due to economic slowdown",0
"Will Someone Please Invent iTunes for News?",0
"Nightwish announce details of new album",0
"California jury orders Skilled Healthcare to pay $671 million in damages",0
"APEC 2005 wraps up",0
"Small plane makes crash landing in Massachusetts, USA",0
"Romanian parliament ratifies EU accession treaty",0
"Israeli PM Sharon suffers 'mild stroke'",0
"Gomery report on Sponsorship Program released",0
"Launch of Space Shuttle Discovery further delayed",0
"The New Atheism, and Something More",0
"Lawmaker Is Said to Have Agreed to Aid Lobbyists",0
"Little Sisters in Final in Australia",0
"25 killed and 33 injured as explosion rips through Chinese karaoke bar",0
"Drug Trial Company Finds Itself Under Scrutiny",0
"Rule Change for Workers on Farms",0
"David Cameron misses Prime Minister's Questions after father suffers stroke",0
"Is New KERS System a Formula One Boost or a Backfire?",0
"Obama Looks to History for Economic Message",0
"US President George Bush may reduce amount of troops in Iraq",0
"US stocks surge, Dow Jones index reaches record",0
"Depending on Context, Bird Couples Sing in Harmony or Discord",0
"Rare Middle East cyclone batters Oman",0
"US Senate panel approves healthcare reform bill",0
"In Reporting a Scandal, the Media Are Accused of Just Listening",0
"An Airport Screening Program Is Killed",0
"Seven dead, twenty injured in Mexican resort explosion",0
"New bridge lowered into position as East London line extension work progresses",0
"Blair recognizes Kyoto treaty stopped by its restrictions",0
"Southampton City Council votes against water fluoridation",0
"Clinton Says U.S. Is Ready to Lead on Climate",0
"Japan Readies Missile Interceptors",0
"A Promise to Be Ethical in an Era of Immorality",0
"Obama Has No Plans to Reopen Nafta Talks",0
"U.S. Extends Its Inquiry of Offshore Tax Fraud",0
"Thunderbird wins MBA rugby tournament",0
"Businessman and founder of The Weather Channel Frank Batten dies at 82",0
"Skype Founders Seek to Buy Service Back From eBay",0
"Large Hadron Collider restarted",0
"Yani Tseng captures Women's British Open title for a record fifth major",0
"Successor in Illinois Is the Anti-Blagojevich",0
"Altering Planes, and the Way They Fly, to Save Fuel",0
"Mike Tyson set to retire after loss",0
"Dorival Caymmi, Brazillian singer and songwriter, dies aged 94",0
"U.S. and Russia Begin Arms Talks With a December Deadline",0
"NASCAR: Edwards wins 2010 Kobalt Tools 500",0
"Italian cruise ship thwarts attack by Somali pirates",0
"Kangaroos escape in France",0
"Riot at Sydney, Australia's Villawood Detention Centre continues",0
"Conservatives Ponder Way Out of Wilderness",0
"ICANN approves .xxx domain for pornography",0
"Car Bomb Kills 16 in Baghdad Market",0
"Hurricane Katrina strikes Florida, kills seven",0
"An Industry That Sells Takes a Look in the Mirror",0
"UEFA Champions League 2007/08: Celtic 1-1 Spartak Moscow",0
"Radio host sacked threatened freedom of speech in Hong Kong",0
"Six killed and hundreds injured in Bahrain",0
"US report says Afghanistan has significant mineral wealth",0
"Wikinews interviews Gene Amondson, Prohibition Party presidential nominee",0
"WHO's reaction to H1N1 influenced by drug companies, reports claim",0
"Wallace and Gromit sets destroyed by fire",0
"Obama Brings Flush Times for Black News Media",0
"New Jersey Sues Over Lehman Losses",0
"Doubts on Handling Terror Detainees End at U.S. Prison Gates",0
"For Some in Illinois, Talk of Reform Was Just That",0
"Report: Man tries to hang himself on an American Airlines flight",0
"Mark Martin Discovers There Is Life on the Road After 50",0
"Brazilian President: not continuing to use biofuels would be a 'crime against humanity'",0
"Democrats Have Qualms Over War in Afghanistan",0
"Moto GP rider Marco Simoncelli dies in 2011 Malaysia Grand Prix",0
"Ships Tread Water, Waiting for Cargo",0
"Nuclear leaks after Japan quake are worse than first reported",0
"Many Try to Run for President in Iran, but Few Will Be Allowed",0
"SEMI predicts Taiwan will become the second largest semiconductor industry market in 2007",0
"Britain Prepares to Deport 9 Terrorism Suspects to Pakistan",0
"US unemployment fell to four-year low before Katrina",0
"Former Ukraine PM Yulia Tymoshenko to end hunger strike, daughter announces",0
"Low Turnout May Mar Congo Republic Election",0
"Britain launches 2012 Olympic Lottery games",0
"Storm of Violence in Iraq Strains Its Security Forces",0
"Federal government begins employing strategies to repair New Orleans",0
"Hawaii, US beats Curacao in Little League World Series Championship",0
"How ABC Interview Shaped a Torture Debate",0
"Virtual Goods May Be a Blip",0
"Alitalia conditionally accepts joint bid by Air France and KLM",0
"Two arrests made over Croxteth shooting",0
"Killings Away From Combat Deal Sharper Blow to Families of Five Military Men",0
"Book review controversy over Daniel Dennett's 'Breaking the Spell'",0
"Channel Tunnel between France and Britain resumes limited service after major fire",0
"Farm Exports Fall Sharply in Global Recession",0
"Google hires lead developer for open source instant messenger, Gaim",0
"Study Criticizes N.C.A.A. for Beer Advertising",0
"Canadian airline Jetsgo ceases operations; 17,000 stranded",0
"Lockerbie bombing appeal dropped",0
"Airplane crashes into flats in South Africa",0
"Italian President ends visit to Ghana",0
"Screen Actors Guild to Take Strike Vote",0
"McDonald Named Chief Executive at Procter & Gamble",0
"Gulf of Mexico oil spill expanding; submarines to try to stop leak",0
"Controversial rapper dethrones Mariah Carey from No. 1",0
"Alaska GOP calls for Begich resignation for Senate revote",0
"Magic Ties Series With 76ers at 1-1",0
"Ad-hoc Liaison Committee meets in Oslo, Norway",0
"Survivors Shed Light on Dark Days of Khmer Rouge",0
"Denmark blames al-Qaeda for embassy bombing",0
"Auctions for Troubled Property Loans Jump to the Web",0
"NCAA Basketball: University of Connecticut cited for eight major rules violations",0
"Andy Blair wins Capital Punishment 2013 mountain bike race",0
"Work Is Never Done, Obama Tells Class",0
"Nineteenth Maccabiah Games open in Jerusalem",0
"Suicide attack hits mall in Netanya, Israel",0
"For Palm, Some Tough Smartphone Acts to Follow",0
"Same-sex marriage passes third reading in House of Commons",0
"Ryanair sue Associated Newspapers, Mirror Group",0
"Doughnut on display in Springfield, New Zealand",0
"Kai-fu Lee: Developers will rule the next-generation Internet world",0
"19 Burmese political prisoners released; more to come",0
"Explosions hit waterfront in New Orleans, Louisiana",0
"Big Brown victorious in Kentucky Derby, runner-up Eight Belles breaks down",0
"Sixteen Christian converts arrested in Iran; facing death penalty",0
"Boat accident in Democratic Republic of the Congo kills at least 73",0
"Tour de France: Alexandre Vinokourov wins stage 15",0
"US Airways jet recovered from Hudson River",0
"Obama signs landmark law overturning 'don't ask, don't tell'",0
"Former First Lady of Taiwan Admits Laundering $2.2 Million",0
"A P.R. Man Who Did It All For the Love of the Pitch",0
"Pakistan: 38 Talibani insurgents killed in two seperate attacks in Orakzai area",0
"Pope in medical crisis",0
"Deal to Privatize Chicago Airport Fails",0
"Turkish protesters march against Internet censorship",0
"S.&P. 500 Stays on Track for a Strong Quarter",0
"Fed Chairman Works Under the Radar to Secure More Power",0
"Suspect Held in 6 Killings in South",0
"Big Island residents prepare for arrival of Flossie",0
"Obama's suspension of Guantanamo repatriations criticized",0
"Iran conducts nine missile tests",0
"Athletes Protest Rule Requiring Drug Testers to Know Whereabouts",0
"English Cricket Teams Get Uneven Treatment Everywhere but on the Field",0
"Inventor of instant noodles passes away",0
"Price of Stamps Rising This Week",0
"Record number of viewers watched McCain's acceptance speech",0
"Interpreter shoots two US soldiers in Afghanistan",0
"Europe to Buy 30,000 Tons of Surplus Butter",0
"Laboratory fire forces evacuation of Australian National University",0
"Meth use now USA's top drug problem, survey finds",0
"North Korean military detains two American journalists",0
"Howard's 10 year party gatecrashed",0
"At least ten dead after clashes in Nigeria",0
"Job Conditions Worsen in Areas of China, Experts Say",0
"Greece wildfires force thousands to evacuate",0
"Woman fired over husband's email threat to Minnesota professor",0
"Stimulus Bill Would Bestow New Aid to Many Workers",0
"Texas A&M President Resigns",0
"A New Jets Administration Promises Change",0
"Independent presidential candidates debate this weekend",0
"Five children found dead in Graham, Washington",0
"Obama to Muslims: 'Americans are not your enemy'",0
"US airlines Delta, Northwest file for bankruptcy",0
"In Europe, Possible Survival Lessons for U.S. Papers",0
"Apple reveals new iPod shuffle with voice",0
"Unease in Papua After Indonesia Invites Rebel Leader Back",0
"Beirut car bomb targets Hamas official",0
"Religious broadcaster Pat Robertson warns Pennsylvania town of disaster",0
"Tour de France: Daniele Bennati wins stage 17",0
"NATO tankers in Pakistan attacked, four killed",0
"NASA announces daily video feed for new Discovery mission",0
"Honey bee decline spreading globally",0
"I.B.M. Raises Its Quarterly Dividend 10%",0
"Tired of Looking for Work, Some Create Their Own",0
"DePaul Edges No. 21 Rutgers With a Strong Finish",0
"Reality Makes Arizona Defensive Back Focus on Present",0
"Polish Wikinews reaches 9,000 articles",0
"Pedro Horrillo in Serious Condition After Crash",0
"Medtronic Links 13 Deaths to Faulty Heart Device",0
"Officials: Maoist rebels kill at least 70 Indian soldiers",0
"Retailer Knockoffs Abound in India",0
"No oil spillage after platform explodes in the Gulf of Mexico",0
"Rebels in Nigeria surrender weapons under amnesty",0
"Accidental email brings product placement agency under fire",0
"At Colonial, Greens Are Soft and Scores Are Low",0
"U.S. manufacturer General Motors seeks bankruptcy protection",0
"Julie Ditty wins ColemanVision Tennis Championship",0
"Haile Gebrselassie announces retirement from athletics",0
"Baseball: Former Houston Astros pitcher José Lima dies suddenly at 37",0
"Tornado kills one and injures 100 in northern Colorado",0
"Cyclone Mick wreaks havoc on Fiji",0
"Venezuelan regional elections both a win for supporters and opponents",0
"Israelis Cede More Control of West Bank Security",0
"Britain Offers $3.2 Billion in Aid to Its Carmakers",0
"Officials: Almost 100 killed in air raids in Pakistan",0
"The Mets Remain Unbeaten in the Replay Booth",0
"Langenbrunner Again Lifts the Devils in Overtime",0
"Double-Amputee Sprinter Oscar Pistorius Hurt in Boating Accident",0
"Bush loses power to 'fast-track' trade deals",0
"A Bomb Kills 12 Children in Pakistan",0
"Emergency at JDS Uniphase in San Jose, CA",0
"Queen Elizabeth II unveils New Zealand Memorial in London",0
"3 Americans and a Civilian Die in Afghanistan Attack",0
"Iraqi Lawmakers Delay Naming a New Speaker",0
"One million protest against Spanish abortion liberalisation",0
"Big Insurer Says It Will Quit Florida Property Market",0
"In Book, Torre Reveals Fraying Relationship With Cashman",0
"Australia wins first test of The Ashes series",0
"Four dead, at least 15 injured after gunman opens fire at fitness center in Bridgeville, Pennsylvania",0
"Automobile manufacturer Ford posts unexpected profits",0
"US Dept. of Justice IP address blocked after 'vandalism' edits to Wikipedia",0
"Red colored EU passports worry Lithuanian politicians",0
"U.S. study of gay sheep may shed light on sexuality",0
"Calpers Sues Over Ratings of Securities",0
"Authorities blockade Chinese town rebelling over land dispute",0
"Rape and murder suspects in Ciudad Juárez arrested",0
"Wisconsin Tightens Rules on Sales Crews",0
"Atomic Agency Examines Candidates to Replace ElBaradei",0
"Dexia Posts Decline in Profit but Says It Is 'on the Mend'",0
"CN Health & Safety Plan planned to be cancelled",0
"Greek police investigates murder of actor",0
"Farmers Lead a Bid to Create 2 Californias",0
"This Recession Is Not a Good Time to Be Middle-Aged",0
"At a Border Crossing, Drivers and Truckloads of Aid for Gaza Go Nowhere",0
"Little Cameras That Nothing Escapes",0
"Two French journalists kidnapped by Somali gunmen",0
"Hartmarx Wins Court Approval to Sell Itself",0
"Brazil's Embraer plans to cut around 4,200 jobs",0
"Hamas Sees Cease-Fire Within Days; Israel Demurs",0
"Rules May Limit Use of Cash-for-Clunkers Program",0
"A Hedge Fund Manager Wins and Moves On",0
"Duke of Edinburgh leaves UK hospital following exploratory surgery",0
"Judge Dismisses Insider Trading Suit Against Mark Cuban",0
"Baghdad Is Shaken by a Series of Bombs",0
"Hanoi hosts 2007 International Mathematical Olympiad",0
"Sydney councils pay investigators to have sex with prostitutes",0
"Sure-Footed, Boonen Captures His 3rd Paris-Roubaix",0
"Owners of Older Dogs Revel in Westminster Winner",0
"Derivatives Tug of War Takes Shape",0
"State of emergency declared in Greece after heavy forest fires",0
"Pittsburgh Shakes Off Demons, as Well as Xavier",0
"Online purchases boom in Romania",0
"Timeout Tactics Include Seating and Setting",0
"Venezuelan polls test Chávez",0
"WebMD and HLTH Plan to Merge",0
"On Field, Ice or Court, Brothers Were Not Equals",0
"UK's Liverpool FC unveils plans for new stadium",0
"Skateboarding in Afghanistan Provides a Diversion From Desolation",0
"Killen gets 60 years for civil rights killings",0
"State Police Charge Horse Breeder With Animal Cruelty",0
"Tiger Woods, the Family Guy, Is Back on Course",0
"MGM Averts Bankruptcy at CityCenter in Las Vegas",0
"188 Fatah supporters permitted to enter Israel",0
"Switzerland citizens vote Yes to freedom of circulation to new EU states",0
"With One Swerving Free Kick, Brazil Darts Into Final Against U.S.",0
"France Expands Financial Aid for Its Newspapers",0
"NASCAR: Kurt Busch wins 2011 Budweiser Shootout",0
"F.D.I.C. Increases Fees to Insure Bank Deposits",0
"Cuban funds tied to Lula campaign, Brazilian magazine alleges",0
"Turning to the Public for Advice on a Budget",0
"Russia leases submarine K-152 Nerpa to India for ten years",0
"Fish consumption by New Yorkers has led to high blood mercury levels",0
"Soldiers in Syria reportedly 'suffocated' while seizing chemicals, weapons in Damascus suburb",0
"US blocks use of mapping technology in China",0
"Uninvited couple passes Secret Service checkpoint, crashes White House state dinner",0
"Where the Still Flourishing Underground Economy Is the Only Economy",0
"2008 Computex Preview: A decisive battle for IT industry and trade show quality",0
"54 killed by suicide bomber at Musayyib gas station",0
"Owner of Segway Jimi Heselden dies after scooter cliff fall aged 62",0
"Iraqi Sunnis Turn to Politics and Renew Strength",0
"Hurricane Adrian strikes Central America Thursday night",0
"Protests in Greece over proposed budget cuts",0
"London bomb suspect returned from Italy",0
"A Day of Layoffs, Across Industries and Continents",0
"5 Children Presumed Dead in Houston Flash Flood",0
"Fiji fully suspended from the Commonwealth after failure to call election",0
"Guatemalan football executive shot dead after team meeting",0
"International Criminal Court in The Hague issues arrest warrant for leader of Sudan",0
"U.S. Squanders Lead and Loses to Brazil",0
"Beckham Returns, but Donovan Shines",0
"'Greatest parade' in Pichilemu commemorates First Junta of Chile",0
"Candle knocked over during voodoo sex ritual causes apartment fire",0
"United Nations says Ivory Coast shelling may be 'war crime'",0
"Wikileaks claims ‘abuse of process’ in court case that resulted in wikileaks.org being taken offline",0
"Ire Over a Columnist, an Author of Torture Memos",0
"American bandleader Kevin Eubanks to leave 'Tonight Show'",0
"Review Panel Hears Rival Plans for New Spaceflights",0
"Two rockets hit southern Beirut",0
"UConn Finds Its Focus and Eliminates Purdue",0
"Militants attack Kashmir bus route safe house",0
"Canberra's Sophie Lavers crowned Miss World Australia",0
"Boeing 767 cargo plane seriously damaged by fire at San Francisco",0
"U.S. automaker Chrysler wants to eliminate 789 dealerships",0
"Boy dies on Mission Space ride at Disneyworld",0
"Many Cities Have Outdated Rail Systems",0
"Google Maps incorporates satellite images",0
"Afghan protestors shot after mosque raid sparks anger",0
"Cargo plane crashes in Alaska's Denali Park, sparks wildfire",0
"Foreclosing on a Plane, Then Flying It Away",0
"Cocaine Trade Helps Rebels Reignite War in Peru",0
"Scotland denies bail to terminally ill man convicted of Lockerbie bombing",0
"How the Poll Was Conducted",0
"University of North Carolina wins 2005 basketball tournament",0
"Sun Unveils Java 6.0",0
"With the Economy Stalled, Could Oil Go Lower?",0
"Ugandan president distances himself from anti-gay bill",0
"Golf Rage Results in Violent Confrontations, Often on Public Courses",0
"Dell to drop Itanium-based servers",0
"Passengers rescued from stranded Antarctic cruise ship",0
"Moldovan mobile phone growth results in more than 2 million users",0
"US Congressional panel claims Turkey committed genocide",0
"Beijing 2008: Michael Phelps wins eighth gold",0
"Long-Lost Lincoln Letter Is Returned to Archives",0
"International Red Cross condemns Myanmar regime",0
"Oil prices fall as reserves are released",0
"Train cars derail into the Thompson River, British Colombia, chemicals spilled",0
"With Another Shutout, Capitals Force Rangers to Game 6",0
"Firing of Michael Jackson spokeswoman disputed",0
"On a Map of Georgia, Old Words Start a New Rush for Tourists",0
"Police Station Bombed in Tibetan Area of China",0
"Wikipedia suffers outage",0
"Canadian Government apologises for Residential Schools",0
"KKE: Interview with the Greek Communist Party",0
"South Korea Keeps Record-Low Rates on Hold",0
"Wife of English footballer Wayne Rooney gives birth to baby boy",0
"Cody Ransom Prepares to Start at Third Base",0
"Egyptian billionaire MP, former policeman to hang for Lebanese pop star's murder",0
"Former Chilean dictator Pinochet dies at 91",0
"Over a dozen killed in suicide bombing in Iran",0
"Episcopal Vote Reopens a Door to Gay Bishops",0
"Latvian government takes majority stake in Parex Bank",0
"Nancy Pelosi named new Speaker of the US House of Representatives",0
"Civilians dead following U.S. air strike on 'terrorist compound'",0
"Marketing a Drink, but Never by Name",0
"Baylor Holds Off Texas A&M to Win Big 12 Title",0
"Russian Military Cuts Leave Soldiers Adrift",0
"US Treasury Secretary: ""We need the ability to seize firms""",0
"Red Cross reveals it told U.S. officials about Koran disrespect on multiple occasions",0
"Wikinews interviews Scott Lucas, Eyal Zisser, Majid Rafizadeh about risks of US military intervention in Syria",0
"48th International Children's Festival in Šibenik - 2008",0
"Soyuz TMA-08M launches to International Space Station, arrives in record time",0
"Missouri Wears Out Memphis to Advance to Round of 8",0
"Foot-and-mouth confirmed at UK farm",0
"German GDP drops by 3.8%, largest decline in 40 years",0
"Martin Holds Off Gordon To Win the LifeLock.com 400",0
"Violence in Uganda over forest clearing proposal",0
"Plane carrying sixteen people vanishes over Papua, Indonesia",0
"US Defense Secretary Gates to seek extra aid for Afghanistan",0
"Gaza cease fire rocked by latest killing of youths",0
"Suspect in eight murders arrested in Illinois, United States",0
"Wisconsin Scores Overtime Upset Over Florida State",0
"Former Driver Sues Eddy Curry, Alleging Sexual Harassment",0
"Aussies ignore flag ban at Big Day Out festival",0
"Broadband Expansion Popular in Stimulus Plans",0
"2009 was worst year for airlines, says International Air Transport Association",0
"Premier Casting U.S. Withdrawal as Iraq Victory",0
"Norwegian Academy of Science and Letters awards Belgian mathematician Pierre Deligne with Abel prize of 2013",0
"Plan to Make Gowanus Canal a Superfund Site Draws Opposition",0
"Blake Is Out on Day 1 at Wimbledon",0
"Apache pipeline fire - Varanus Island, Western Australia",0
"Memorial service held for Sir Bobby Robson in Durham Cathedral, England",0
"Globalization and trade deficit are connected says Greenspan",0
"Raúl Castro chosen as new President of Cuba",0
"Striking NYC transit workers will return to jobs",0
"World Health Organization declares tuberculosis emergency in Africa",0
"Ecamm Offers a Wireless Webcam for Macs",0
"Death of Nancy Benoit rumour posted on Wikipedia hours prior to body being found",0
"Israel Says Hamas Is Damaged, Not Destroyed",0
"British Fight Climate Change With Fish and Chips",0
"Murder Trial Tests Colorado Hate-Crime Statute",0
"Exeem Annonunced To Be Successor Of Suprnova",0
"In Europe, Microsoft Fights Antitrust Charge Over Browser",0
"2007 FIFA U20 World Cup: Austria, Czech Republic, Spain and US make it to quarters",0
"Ex-Soldier Gets Life Sentence for Iraq Murders",0
"Space shuttle Discovery photographed from ISS",0
"Phil Mickelson Rallies to Win Northern Trust",0
"Getting Specific in Order to Get Confirmed",0
"U.S. to Use Bailout Repayments to Aid Small Banks",0
"Plane crash in northern Afghanistan kills at least 43",0
"Media Executives Plan Online Service to Charge for Content",0
"Panasonic and Verizon Make the Home Phone Smart",0
"Fan Praises Nets Center for His Help on Highway",0
"Oil prices reach six-month high",0
"The Cowboys Win a Wild One",0
"Seven die from H1N1 swine flu virus; total virus victims in Wales rises to 21",0
"Google introduces Google Buzz",0
"Hartmarx Is Said to Choose London Firm Emerisque as Buyer",0
"Cafe Experience Is Shifting to the Home",0
"Ice, snow, and cold strike throughout Europe",0
"Saab Moves to Separate Itself From G.M.",0
"Autodesk to buy Alias",0
"Danish PM pushes for new referendum on euro",0
"Bruce Forsyth takes pay cut on BBC's Strictly Come Dancing",0
"Kirin Offers $2.5 Billion for Lion Nathan of  Australia",0
"NATO airstrike kills seven Afghan security forces members",0
"O.J. Simpson laywer, Cochran, dead at 67",0
"United Nations suspends operations in Gaza after schools and trucks are hit by Israeli forces",0
"Buffalo, NY firefighter injured while battling blaze",0
"Porsche and VW Struggle to Combine",0
"Palestinian Foreign Minister: No peace with Israel",0
"Arson charge for man who cleaned home with gasoline",0
"Australian rules football: Maffra go a game clear ahead of Traralgon clash",0
"Online poker firm set for multibillion pound flotation",0
"US military admits to accidentally killing Iraqi child",0
"U.S. Presidential candidate Fred Karger denied place at Fox News debate",0
"Political Foe of President in Sudan Is Arrested, His Family Says",0
"U.N. Report Lays Out Options for an Oil-Rich Iraqi Region",0
"Wikipedia again blocked in China",0
"United Nations requests US$700 million in aid for East Africa to avoid famine",0
"American Express Plans 4,000 Job Cuts",0
"Leader of al-Qaeda in Iraq arrested",0
"Al-Jazeera poll shows many Pakistanis identify America as 'biggest' threat",0
"Baghdad judge clears pair of murdering six foreign soldiers",0
"Massive anti-government protests in Egypt continue into second day, several killed",0
"Schiphol airliner crash blamed on altimeter failure, pilot error",0
"U.S. Adviser Holds Firm on Airstrikes in Afghanistan",0
"Iran Hangs 22 in Executions This Week",0
"Radiation that killed ex-spy Alexander Litvinenko found in Germany",0
"Briton to fly hang glider across the UK",0
"France to Pay Nuclear Test Victims",0
"Russian government homosexuality position leads to NYC Russian vodka boycott",0
"Release of Russian Who Killed Chechen Woman Stokes Tensions",0
"Japan to Take Stakes in Ailing Companies",0
"Rising Generation in Pakistan Sees Social Change as Their Responsibility",0
"NBA: LeBron James announces that he will join the Miami Heat",0
"Gentle Questioning for U.N. Nominee",0
"Democrats Work to Pare Cost of Health Care Bill",0
"Republicans Firing Blanks at Obama",0
"Google now worth over $80 billion",0
"New Museum Recalls Role in Gettysburg Address",0
"State of Oregon Sues OppenheimerFunds",0
"Zimbabwe's election delay could have 'serious implications', warns UN Secretary-General",0
"NCAA Football: Three Gopher players arrested following rape allegations",0
"Derailments close Australian rail routes",0
"Hot Debate Gives Way to Embrace of Obama",0
"Calpers to Oppose Re-election of Bank of America Board",0
"California, Almost Broke, Nears Brink",0
"US Navy aircraft crashes after Afghanistan mission",0
"Josef Fritzl's former house to be demolished",0
"Caloundra win Sunshine Coast, Australia cricket grand final",0
"Old Fashioned, a Kentucky Derby Favorite, Could Have a Career-Ending Injury",0
"ArcelorMittal, No. 1 Steel Maker, Reports  Loss",0
"As Indian Growth Soars, Child Hunger Persists",0
"2 Workers Shot to Death at a Virginia Resort",0
"Charter Companies Flying to Cuba Thrive Despite Complaints",0
"Investors Find an Appetite for Tech Offerings",0
"Jeremy Tyler, N.B.A. Prospect, Is Groomed to Play His Own Way",0
"Heavy turbulence during WestJet flight injures nine people",0
"German Hometown Mourns a Businessman, Adolf Merckle",0
"Casey Stoner wins 2011 Catalunya MotoGP",0
"Cathay Pacific Cuts Costs as Air Travel Remains Sluggish",0
"Audio tape released of missing Israeli soldier",0
"His Future Behind Him, Lewis Heads for Prison",0
"A Green Coalition Gathers Strength in Europe",0
"Court rules against Texas officials in FLDS case",0
"Former rebel becomes President of Burundi",0
"New regional jet takes off from St. Petersburg, Russia",0
"Suicide bomber in southern Russia kills at least five policemen",0
"World Cup workers walk off the job",0
"As Economy Slows, Americans Are Moving Less",0
"Hidden treasure worth billions of dollars discovered in Indian temple",0
"Pakistan's parliament elects first female speaker",0
"Next Shuttle flight delayed to next year; ISS crew begin spacewalk",0
"French tourists killed in California bus rollover accident",0
"Villanova Is Too Much for Blue Devils",0
"NATO report on Afghanistan leaked",0
"Computer giants attack Aussie CSIRO's WLAN patent",0
"Costs Soar as Iraq Falls Behind on Training Plan, Audit Says",0
"Derby promoted after 1-0 win over WBA in Championship playoff final",0
"New Course for Antidrug Efforts in Afghanistan",0
"Icelandic Hekla volcano shows signs of activity",0
"BP report into Gulf of Mexico disaster lays blame on other contractors",0
"Macy's flagship store in New York evacuated due to fire",0
"Floods Ease in Brazil; 300,000 Left Homeless",0
"In the Wrong Job? Monster.com Wants You",0
"Stolen Utahraptor recovered in Australian Capital Territory",0
"Botswana holds parliamentary elections",0
"Former Louisiana governor Buddy Roemer announces run for president",0
"Skype launches ""Unlimited"" monthly service to change communication style",0
"Google Puts Ads on Its News Site, Reviving Debate",0
"Businesses Warm to LED Lighting",0
"Madoff Never Made Supposed Investments",0
"Sixteen additional suspects revealed in Zotob worm case",0
"Rodriguez May Return to Yankees Sooner Than Expected",0
"Lawsuits in Madoff Case Add to Details About Fraud",0
"As Real Madrid Packs in Players, Some Must Go",0
"Lessons From Japan in Stemming a Crisis",0
"Deaths in Philippines ferry accidents",0
"Storm Sweeps Northeast From Texas; at Least 23 Are Dead",0
"Tibetans Greet New Year in Opposition",0
"Ukrainian journalist Gongadze's skull may have been found",0
"Moldovan parliament approves new government",0
"Bruins Goalie Tim Thomas Shows He Belongs in the N.H.L.",0
"Sarkozy makes Clint Eastwood's day; actor becomes ""Légion d'honneur"" Commander",0
"Britain and France Criticize Sri Lanka Rebels",0
"Helicopter crash in Hong Kong injures thirteen",0
"Tour de France: Robbie Hunter wins stage 11",0
"Strip-Search Case Tests How Far Schools Can Go",0
"June jobs report shows rising US unemployment, economic outlook worsens",0
"Tsunami deaths mount to more than 120,000",0
"Twenty injured by tornado in Birmingham, UK",0
"Abducted four-year-old Missouri girl found alive, person of interest shoots himself",0
"Renault F1 launch criminal complaint against former driver over race-fixing allegation",0
"W.B.C. Turns Teammates Into Rivals, and Vice Versa",0
"NBA: Gilbert Arenas and Javaris Crittenton suspended for the season",0
"Japan nuclear disaster: areas to remain off-limits for decades",0
"Giant Lego man found in sea",0
"In Redskins Country, Capitals Gain High Profile",0
"Dam in Indonesia bursts, dozens killed",0
"New Zealander discovers US military data on MP3 player",0
"Over 250 dead in Haiti cholera outbreak, thousands infected",0
"Bomb blasts kill several in Iran",0
"Drop in Air Travel Offsets  Cheaper Fuel Costs at American",0
"Finnish terrestrial analogue TV network shut down",0
"Libyan government forces capture eastern town from rebels",0
"Polls held for US state and local elections, with incomplete GOP success",0
"U.S. Men Manage a Tie With Haiti in the Gold Cup",0
"NBC Making the Most of Its Super Bowl Coverage",0
"Arkansas Democratic party chairman assassinated by gunman",0
"Three dead infants found in Canadian home",0
"30 civillians killed by roadside bomb in Afghanistan",0
"Court sentences eight to death in Sudan over Omdurman rebel attack",0
"Tunisian president re-elected for fifth term",0
"Internet backbone hosts feud, disconnecting users",0
"VeriSign acquires Weblogs.com",0
"With New Name and Mission, the Infamous Abu Ghraib Prison Is to Reopen",0
"Sports Museum Files Petition in Court",0
"Crossrail set to only compensate £50 for land rights, London, UK",0
"India and Pakistan Agree to Fight Terror Together",0
"North Korea Maintains Its Tough Stance",0
"France confirms deportation of illegal Afghan immigrants",0
"Influential Croat poet Dragutin Tadijanovi? dies",0
"Inquest held after air rifle shot kills 10-year-old boy in Swansea, Wales",0
"News agencies suggest that campaign operative for Republican Party edited article on vice presidential nominee",0
"How Long Will the Obama Honeymoon Last?",0
"India doubles Commonwealth Games budget",0
"Ingmar Bergman dies at age 89",0
"Oracle Tops Forecast and Declares Dividend",0
"Japan enters recession",0
"SpaceX rocket successfully orbits on fourth attempt",0
"In Minnesota, a Battle Without End for a Senate Seat",0
"New Zealand defeats Ireland 21-11 in rugby test match",0
"Brittany Ray Scores 26 as Rutgers Beats Notre Dame",0
"U.S. to Lend Chrysler $1.5 Billion for Car Loans",0
"Kenya confirms first swine flu case",0
"Tainted Supplements Raise New Questions for Sports Leagues",0
"Clinton Pledges Tough Diplomacy and a Fast Start",0
"Suicide bomber attacks US base in Afghanistan",0
"Ecstasy Ensnares Upper-Class Teenagers in Brazil",0
"Number of breaches during New Zealand's end of year exams",0
"Bill Clinton leaves hospital following heart procedure",0
"Somali pirates seize Greek freighter, 25 crew in the Gulf of Aden",0
"Court Acquits Ex-Premier Before Vote in Pakistan",0
"Collingwood and St. Kilda draw 2010 AFL Grand Final",0
"Thailand Is Accused of Rejecting Migrants",0
"Holding On to Wig, Dodgers Market Fallen Star",0
"Bush attempts to reassure Americans in radio address",0
"Elections in El Salvador Invoke Rivalries of Civil War Years",0
"Saudis Retool to Root Out Terrorist Risk",0
"Mongolia's ex-communists ahead going into Sunday's election",0
"Pipe Made in India Incenses an Illinois Steel Town",0
"Justices Face Unfinished Business on Gun Laws",0
"GM and Chrysler receive Canadian loans amid US restructuring ultimata",0
"Passenger plane crashes in Nepal killing 18",0
"British policewoman shot dead",0
"Spain advances to first World Cup Finals",0
"Secured Lenders Are Fine at G.M.",0
"40 Years on, Reflections in a Sliver of the Moon",0
"Actor Ryan Thomas involved in car crash in Manchester, England",0
"UK coach driver jailed for triple-death crash near London",0
"Groups See Added Risks From Change in Climate",0
"Clinton Reassures Mexico About Its Image",0
"Pakistani Military Launches Airstrikes on Taliban Strongholds",0
"Qatari leader visits Gaza",0
"McNamee to Meet With Prosecutors in Clemens Case",0
"Life Sentence for Austrian in Incest Case",0
"Eric Rudolph pleads guilty to avoid death sentence",0
"Modern technology maps new sections of the Great Wall of China",0
"British Boxers Fight for the Spotlight",0
"An Internal Union Dispute Turns Nasty, With a Local in the Balance",0
"Minutes Behind the Leaders, Landis Speaks of an Uncertain Future",0
"Radomski Testifies Before Clemens Grand Jury",0
"Formula One Rivals May Need More Than a Diffuser to Catch Brawn",0
"A 1-2 Finish for Brawn in Australian Prix",0
"Two people killed in fire in Greater Manchester, England",0
"Six H1N1 cases appear in the Philippines",0
"Guatemalan news reporter killed by Pacaya volcano",0
"Greece on fire, death toll exceeds 60",0
"Injured Sizemore to Miss World Baseball Classic",0
"Obama Signals More Active Response to Piracy",0
"Bomb Kills 9 on Minibus in Afghanistan",0
"Shuttle Crew Prepares for Return Trip",0
"'Invitational Games for the Deaf, Taipei 2008' Day 2 features martial art events",0
"Tax Day Is Met With Tea Parties",0
"Democrats See Progress on Proposal for Economy",0
"This Is a Special Keepsake Inauguration Column",0
"Army Challenges Older Recruits, and Vice Versa",0
"Dalai Lama threatens to resign if situation in Tibet worsens",0
"After 10 Years and 2,000 Deaths, China Still Presses Its Crusade Against Falun Gong",0
"Asif Ali Zardari elected as President of Pakistan",0
"Study Shows Sharp Rise in Latino Federal Convicts",0
"Glastonbury headliners announced",0
"Broward County Sheriff’s police dog killed in shootout in Florida",0
"Students Stand When Called Upon, and When Not",0
"Iraq Warily Moving Ahead on Oil Contracts",0
"With Sanchez, Jets Add Some Charisma",0
"Brothels Ask to Be Taxed, but Official Sees a Catch",0
"Justice Dept. Seeks Equity in Sentences for Cocaine",0
"US televangelist Pat Robertson apologizes for assassination remark",0
"In Southeast Asia, Unemployed Abandon Cities for Their Villages",0
"Sony Posts First Annual Loss in 14 Years",0
"ING Will Cut 7,000 Jobs and Its Chief Will Leave",0
"Can New G.M. Pay for the Old G.M.?",0
"Pakistan government must investigate killings and abductions of journalists, says UN",0
"Childhood exposure to TV linked to bullying",0
"Scientists Disappointed by Direction of Financing",0
"Ugandan government, rebels agree to ceasefire",0
"Vanuatu hit by 7.2 magnitude earthquake",0
"Prayer does not help heart patients, study finds",0
"Hundreds of people gather in support of Mikhail Khodorkovsky",0
"'Vulture' Investors Eye Bad Assets, but Warily",0
"British Army soldiers to be court martialled for war crimes",0
"Tom Cruise orders €14,500 takeaway meal",0
"Justices Reject Ruling on Retrial of Enron Executive",0
"Iraqi journalist arrested after throwing shoes at George W. Bush",0
"Kaczy?ski takes the office of Polish president",0
"500 stranded melon-headed whales rescued in Philippine bay",0
"Roche Offer for Genentech Turns Hostile",0
"Manchester City agree big money for Shaun Wright-Phillips to move to Chelsea FC",0
"Netanyahu Gains in Bid to Be Israeli Premier",0
"Work Halted on Helicopter for President",0
"Cal Turns to a Freshman Introvert for a Dose of Grit",0
"Tropical Storm Alpha forms, breaks Atlantic storm record",0
"Blair: G8 leaders announce $50 billion aid increase; talks on trade and climate change",0
"Burning debris from satellites spotted over several US cities",0
"Controversial blog relaunched in New Zealand",0
"Yankees Fans Top Mets Fans in City, Poll Finds",0
"In Hartford, Fans Still Harbor Hope for N.H.L. Team",0
"Moscow celebrates Victory Day with military parade",0
"Kerik nominated as U.S. Secretary of Homeland Security",0
"Texas A&M Downs Oklahoma in Big 12 Semifinal",0
"Arctic ice levels at record low opening Northwest Passage",0
"Polaroid goes bankrupt",0
"Renovating the Islanders",0
"Savings Plan: 5 Smart Steps",0
"2nd Trial Begins in Plot to Bomb Flights to U.S.",0
"Were New Orleanians caught in political crossfire?",0
"G.M. Seeks More Imports From Low-Wage Countries",0
"Japan Predicts 3.3% Economic Contraction This Year",0
"Stimulus Plan Ensures Boom Sector: Oversight",0
"Medical helicopter crashes in Tucson, Arizona, kills all on board",0
"First Iraq Medal of Honor recipient receives memorial headstone at Arlington",0
"Intel Facing a Large Fine in European Antitrust Case",0
"Bank of America Sells Stake in Chinese Bank",0
"Violence May Hinder Talks With Iran, Obama Says",0
"Wie, Creamer and Lincicome Lurk Behind Leaders at Sybase Classic",0
"Space Shuttle Lands in Florida",0
"U.S. House votes to renew expiring Patriot Act",0
"Ninth World Games open in Santiago de Cali, Colombia",0
"MMS comes to American iPhones",0
"Thirteen die in Cumbria, United Kingdom, after series of shootings",0
"Iowa falls to Texas in Alamo Bowl",0
"UNHCR: Thousands of Angolans expelled from DRC in ""dire"" need of aid",0
"Tibetan Monks Tell Tale of Escape From China",0
"Delta Plans More Cuts on International Routes",0
"2008 Canadian Championship: Toronto FC vs. Montreal Impact",0
"Patient in Buckinghamshire hospital was treated in toilet, inquiry hears",0
"Magnitude 6.4 earthquake hits east coast of Honshu, Japan",0
"Venezuela Will Push U.S. to Hand Over Man Tied to Plane Bombing",0
"Kenneth Lewis Fights to Keep Bank of America Job",0
"Bernie Ecclestone attacked outside London headquarters; no arrests made",0
"British military secrets leaked on social networking sites",0
"Australian telecomms firm Telstra offers rebates to those affected by bombings",0
"Wikinews interviews Daylight Saving for South East Queensland Party about the upcoming Queensland State election",0
"Pakistan Faces Tough Fight Against Taliban Chief, Mehsud",0
"Wikinews interviews U.S. Libertarian presidential candidate Bob Jackson",0
"Swine flu reported in more countries; WHO warns of possible pandemic risk",0
"Clinton to Abbas: Resume peace talks with no preconditions",0
"Church of Scientology's 'Operating Thetan' documents leaked online",0
"At Least 23 Die in Bombing in Lahore, Pakistan",0
"Felix leaves at least 21 dead in Nicaragua",0
"Genentech seeks accelerated FDA approval for brain tumor treatment",0
"Ivory Coast beats Serbia and Montenegro 3-2 in Group C",0
"UBS Raises $3.5 Billion in Share Sale",0
"Ahmadinejad pictures: Iran Gov't denies hostage-taker allegations",0
"Search for Steve Fossett continues",0
"SBC teams with Scientific-Atlanta for cable TV rollout in 13 US states",0
"Witch Hunts and Foul Potions Heighten Fear of Leader in Gambia",0
"Indonesian anti-corruption chief convicted of murder",0
"Those Who Lost Savings Find Little Comfort",0
"Cattle Rustling Plagues Ranchers",0
"Early Canadian federal election set for October 14",0
"Montgomery Scores 25 as UConn Advances",0
"Magnitude 3.6 earthquake shakes Washington, D.C.",0
"Nadal Outlasts Verdasco, but Federer Awaits in Australian Open Final",0
"Stocks Rise Sharply After Treasury Bond Auction",0
"Same-sex marriage allowed in Portugal",0
"Year of the Ox Is Looking Inauspicious",0
"Freed Detainee Arrives in Britain",0
"Iran Stepping Up Effort to Quell Election Protest",0
"Number of unemployed in the UK climbs to 2.4 million",0
"Australian Government passes new terror laws",0
"Security threats directed at US Democrats",0
"Mumbai Police investigations indicate Pakistani role in 11/7 serial blasts",0
"'Star Wars' headed to TV as weekly series",0
"British man charged with double murder in Iraq",0
"Wolfram Research’s new product Alpha to compete with Google and Wikipedia",0
"Coleman appeals Franken victory in Minnesota Senate race",0
"BMW announces 7.6% sales rise as US, China demand grows",0
"Libyan Leader Qaddafi Visits Italy",0
"Pichilemu and Cobquecura, Chile rocked again by aftershocks",0
"Historic Scottish island castle wins the lottery",0
"Bank of England holds interest rates at record low",0
"U.S. Is Weighing How to Let Banks Pay Back Bailouts",0
"English hard rock band The Darkness reunites",0
"Outsourcing of Drug Trials Is Faulted",0
"Russia agrees to construct Turkish nuclear reactor",0
"Gates Reassures Allies Over North Korea",0
"Two suspected terrorists arrested in Mumbai, India",0
"Wyeth Deal May Slow Pfizer Biotech Acquisitions",0
"Drug Maker Watson to Buy Rival  Arrow for $1.75 Billion",0
"Filipino activist leader survives assassination attempt",0
"Hurdles to Voting Persisted in 2008",0
"Tiny Photos, From a Tiny Dell Printer",0
"Unable to Lean on Sabathia, Yankees Fall Flat in Florida",0
"Ethiopian airliner crashes into Mediterranean Sea",0
"Anne Mulcahy Passing Reins to Ursula Burns at Xerox",0
"2 Auditors Held in India Fault System",0
"Arizona State Confident in Its Approach to UConn Women",0
"Four found dead in Leicestershire, England",0
"2008 Computex Preview: WiMAX, threat? opportunity?",0
"Tributes paid to the victims of the July 7 2005 London bombings",0
"Envoy to Coordinate North Korea Sanctions",0
"Scientists improve cancer research techniques",0
"Violence Across Iraq Kills 13, Including a Sunni Politician",0
"Eurostar train service moves to new London terminal",0
"The Last Holdouts Cast Their Lot With G.M.",0
"Rwandan genocide investigations to be completed by end of July",0
"Brown Backtracks, Saying Iraq Panel Can Hold Some Open Hearings",0
"Illinois man named person of interest in wife's disappearance",0
"Ericsson and Nokia Siemens Are Managing Just Fine",0
"Businesses shy to adopt Windows XP SP2",0
"United Airlines to hire 2,000 flight attendants",0
"UK Parliamentary Commissioner for Standards to investigate Nadine Dorries reality TV appearance",0
"At Wal-Mart, Labels to Reflect Green Intent",0
"Google Using Wikipedia as a Source for Its News Site",0
"New Zealand man goes on trial in Cambodia over sex with underage girls",0
"Emerging Markets, Down Now, May Offer Bargains",0
"Kangaroo injures Australian politician",0
"In Canada, Helping Avert Attack on a British School",0
"Rubens Barrichello wins 2009 Italian Grand Prix",0
"Subsidy Plan Seeks to Cut Malaria Drug Cost",0
"Militants kill at least 21 Algerian police in ambush",0
"As Browsers Battle, Consumers Win",0
"Japan Airlines to relist shares",0
"Black and Blue Belles win in Canberra Roller Derby League blowout",0
"21 July bombing suspect to be extradited back to the UK",0
"DEA raids San Diego State University dorms",0
"Norwegian Stake in Russian Joint Venture Seized",0
"Nelson Mandela charity official resigns over 'blood diamonds'",0
"Caterpillars force temporary closure of Wisconsin state park",0
"Saudi Arabia fears Hajj swine flu outbreak as four pilgrims die",0
"Flying in the Dark on Fare Sales",0
"Senator Xenophon of Australia calls for criminal investigation into Scientology",0
"Airliner crash wounds four in Durban, South Africa",0
"Nationwide rallies against anti-terror laws held in Australia",0
"First fifty-star United States flag up for sale",0
"Decline of PC Sales Hurts Microsoft Again",0
"Obama calls food safety system a 'hazard to public health'",0
"Macquarie Island Shows Consequences of Cat Eradication",0
"Agriculture Department investigating possible U.S. case of mad cow disease",0
"Missing airplane possibly found near Blackpool, England",0
"Experts Find Flaws in Chinese Software Filter, Green Dam",0
"Synthes, Medical Device Maker, Accused of Improper Marketing",0
"EU, China fail to agree on textile trade",0
"Married couple scheme issues phony driver's licenses in Virginia",0
"Golfers Test Limits of Good Sense in Golf Carts",0
"Legal Giant Skadden Loses 2 Top Partners to Kirkland",0
"Stricker Leaves Opening, and Clark Slips Into Lead at Colonial",0
"Death toll in Arizona helicopter collision at seven as only survivor dies",0
"Gregoire wins Washington state's closest ever governor's race",0
"London police question captured bombing suspects",0
"$8,000 Phobos Media Center Comes With a Tech",0
"UN High Commissioner for Human Rights: close Guantanamo Bay",0
"Pittsburgh playwrights pen furry musical, invite Anthrocon attendees to observe reading",0
"Baghdad barbers threatened with death for cutting beards",0
"Venture Capital Investment Sinks to Lows Not Seen Since 1997",0
"Far-Right Israeli May Be Next Foreign Minister",0
"Six die in US-Iraqi raid in Fallujah",0
"Behind the Profits Lies Trouble for 2 Bank Giants",0
"Case Could Open Borders of Doping Fight in Cycling",0
"Philadelphia to become largest city in U.S. without Boy Scout building",0
"Disputed island disappears beneath sea on India-Bangladesh border",0
"Ice shelf breaks free in Canadian Arctic",0
"Video clip from YouTube used to track down suspected murderer",0
"Officials admit that China faked part of Olympics opening ceremony",0
"China loans Ethiopia US$349 million for construction of expressway",0
"Guatemalan president's divorce halted by court",0
"The 2006 Winter Olympics torch reaches Rome",0
"Vandals deface family crypt of Pierre Elliott Trudeau",0
"Flight simulation site Avsim 'destroyed' by hackers",0
"Discovery of the most powerful explosion in the Universe",0
"American console sales continue to decline throughout April",0
"New year introduces Illinois texting while driving ban, among other laws",0
"Australia's million-dollar-a-month Nauru detention centre for two refugees",0
"Luis Fortuño is elected new governor of Puerto Rico",0
"Google Geniuses at Work on Free Goodies",0
"Turkish islamic militant claims interrogation and torture by CIA agents",0
"Al-Qaeda terror ad warns of 'big surprise'",0
"Charlie the smoking chimpanzee dies aged 52",0
"Heikki Kovalainen wins 2008 Hungarian Grand Prix",0
"Hungarian conservative party wins majority in parliament",0
"Liberty Mutual Makes Its Point With a Family Drama",0
"Japan to request IAEA inspection of quake-damaged nuclear plant",0
"US Federal Reserve lifts interest rates",0
"July deadliest month for US in Afghanistan War",0
"English Sweep Across Europe Once Again",0
"How Good (or Not Evil) Is Google?",0
"Cyclone Giri makes landfall in Myanmar, kills one",0
"Italian mafia implicated in radioactive waste dumping",0
"Suicide bombers close Pakistani schools",0
"Mathematician Benoît Mandelbrot dies aged 85",0
"F.D.A. Consolidates at Former Navy Site",0
"U.S. Stocks Up on Hope of a Stabilizing Economy",0
"Plan Magazine sold for €300,000 to Commercial Media Group",0
"In One Ear and Out the Other",0
"US undergraduate commits suicide after 'outing' via webcast",0
"Sabathia Makes It No Fun at All for the Mets",0
"UK loses appeal to conceal Binyam Mohamed torture",0
"Belt-Tightening by N.F.L. Could Dampen Free Agency",0
"U.S. military covertly pays to run stories in Iraqi press",0
"Apple to hold media event on September 1, may update iPods and Apple TV",0
"CTV acquires rights to 'The Hockey Theme'",0
"Madoff jailed after pleading guilty to $50 billion fraud scheme",0
"Challenge to Landmark Law Worries Preservationists",0
"New York firebomb suspect arraigned",0
"Bolivian president announces legal action over Obama's 'crimes against humanity'",0
"VW Cancels Meeting on Porsche Merger",0
"Son Is Said to Rise in North Korea",0
"Body of alumnus found at Rensselaer Polytechnic Institute, New York",0
"Southwest Air to Begin Flying From Boston",0
"Back on Hill, Automakers Defend Dealer Closings",0
"Ex-Leader of Liberia Cites C.I.A. in Jailbreak",0
"Toyota recalls up to 1.8 million automobiles",0
"A More Upbeat, if Vulnerable, Serena Williams Wins Wimbledon Opener",0
"H5N1 Avian Flu virus has mutated, study says",0
"One killed by suicide bomber in southern Russia, five wounded",0
"Mormon Church warns Wikileaks over documents",0
"Wikinews interviews Chinese-American martial artist Alfred Hsing",0
"Near-Earth asteroid 2004 MN4 reaches Torino Scale hazard rating 4",0
"Sochi, Russia to host 2014 Winter Olympics",0
"Car bomb in Iraq leaves at least 30 dead",0
"I.B.M., Looking to Buy Sun, Sets Up a Software Strategy",0
"Canada awaits Karla Homolka's Release from Prison",0
"NATO summit in Bucharest enters second day",0
"Rising Circulation, at Papers Sold by Homeless",0
"Wikinews interviews Brenton Clutterbuck, candidate for the electorate of Maroochydore at the upcoming Queensland election",0
"Rocket attack on USS Ashland docked in Jordan; another rocket fired at Israeli town",0
"Cobbled Effort Seeks to Fill Food Safety Vacuum",0
"Bomb explosions in northeastern India kill at least seven",0
"Iranian Candidate Taps Student Woes",0
"SAG Members to Vote on Contract Much Like Initial Offer",0
"C-17 crashes near air force base in Alaska",0
"Engine troubles delay Airbus superjumbo tour",0
"In Hard-Bitten Baghdad, Tough Tactics on Strays",0
"The results of the Antiquorum's auction of vintage and modern timepieces",0
"Foreign Investors Wary of Long-Term U.S. Securities",0
"Iraqi police: Najaf bombing kills three",0
"Toyota Said to Weigh Reorganizing U.S. Operations",0
"Citigroup Said to Consider Plan to Split in Two",0
"New York executive files $60 million libel lawsuit over insurance scandal",0
"Turkey sends thousands of troops into northern Iraq",0
"New Military Command for Cyberspace",0
"Senate Committee hears bailout proposal",0
"Bone, a Masterpiece of Elastic Strength",0
"Jetliner crash-lands in Peru",0
"U.S. Eliminates the Netherlands From the World Baseball Classic",0
"American philanthropist Brooke Astor dies at 105",0
"Portuguese government resigns",0
"Obama, as Author, Earns Big Money and a New Deal",0
"Murderer of road accident victim sentenced to death",0
"5 Killed in Violence Across Iraq, but a Pilgrimage Ends Quietly",0
"Cardinals Advance to First Super Bowl",0
"New Foundation Takes Aim at Urgent Threats",0
"Tarantino wades through Manila floods",0
"English Football: Roundup for Easter weekend",0
"Northern Ireland's Ian Paisley to resign and retire",0
"Rockefeller says Iraq is draining funds",0
"Four British Airways executives charged with price fixing",0
"Trees continue to die in Houston, Texas",0
"Journalist detained at Council of Europe human rights conference in Warsaw",0
"BBC to cut Electric Proms for financial reasons",0
"Wikinews interviews author and filmmaker Peter John Ross",0
"No. 5 Maryland Shares A.C.C. Lead",0
"Strong Profit, but Ericsson Plans 5,000 Job Cuts",0
"A Guitar Magazine Tests the Luxury Waters",0
"Bristol campaigners: words by council are 'weasel words'",0
"Environmental Foundation Expires, as It Always Wanted",0
"Use Energy, Get Rich and Save the Planet",0
"Woman Linked to Sanford Comments on E-Mail",0
"2008 SecuTech Expo starts in Taipei, Taiwan for grasping global security industry",0
"ECOWAS suspends Niger in dispute over constitution",0
"Ten dead after earthquake in Bhutan",0
"Wikinews interviews: Tony Benn on U.K. politics",0
"Twenty killed in Lake George USA boating accident",0
"KSTAR tokamak test reactor sees first plasma",0
"Microsoft without Bill Gates at the helm",0
"The Missing Link ... to a Bigger Audience?",0
"Chomsky book banned from Guantanamo Bay",0
"Spectator killed and 10 injured in German airshow crash",0
"New search engine to search inside Wikipedia",0
"Two dead, seven others wounded in church by gunfire in Tennessee, United States",0
"Tour de France: Yellow jersey Rasmussen withdrawn",0
"Illnesses Afflict Homes With a Criminal Past",0
"Sotomayor Defends Ties to Association",0
"CBC lockout enters sixth day",0
"Cheers for Marta in Debut of W.P.S.",0
"Cargo plane crashes in Dubai, two dead",0
"Students Gain Early Access to 2004 HSC Results",0
"New Hampshire Governor Likely to Sign Same-Sex Marriage Bill",0
"Bomb blasts in Uganda kill dozens",0
"Hamas strikes deal with Fatah",0
"Former Pennsylvania State Senator Convicted in Fraud Case",0
"Berlusconi proposes January elections if government fails to gain parliamentary majority",0
"On the Ice, the Toughest Job That No One Notices",0
"Tour de France: Sandy Casar wins stage 18",0
"Dutch member of Parliament proposes to abolish the Cabinet",0
"Australian Muslim killed by her hijab in go-carting accident",0
"Assisted-suicide doctor Jack Kevorkian to run for US Congress",0
"Long March 3B rocket launches Chinasat-9 satellite",0
"Lloyds Chairman Victor Blank to Step Down",0
"China Announces Subsidies for Health Care",0
"Robot Zoe detects life in Atacama Desert",0
"Randy Johnson Has Lost a Little Off His Fastball but Not His Reputation",0
"British Supermarket Chain  Places Bets on Banking",0
"61.6% of the Dutch people say 'no' to EU constitution",0
"Annual rich list shows Ireland now has six billionaires",0
"Russian astrologist sues NASA for Deep Impact test",0
"Brazilian Abin director: no proof linking FARC money to PT",0
"2005 National Conference in the Norwegian Centre Party",0
"Mexican president defends emigration",0
"Bomb destroys Spanish police barracks and kills policeman in Basque Country",0
"Australian rules football: Warragul gets first win on eve of finals",0
"For the Ultimate Board Champion, Mix Surf, Turf and Snow",0
"Long-running TV clown marks 50 years since debut",0
"Bondholders Get a New Proposal From G.M.",0
"Financial Safety Net of Nonprofit Organizations Is Fraying, Survey Finds",0
"India Dodges Financial Crisis, and Ex-Fed Chief Gets Credit",0
"Karzai visits UK for talks with new PM",0
"Wikinews visits the 2009 Reno Air Races",0
"Improved E-Mail Service From a Dedicated Device",0
"North Korea agrees to fast-track shut down of nuclear facilities",0
"White House Reinstates Kundra",0
"Thieves steal £40 million from London jeweller",0
"Japan likely to change law to allow female heirs to the throne",0
"Airliner crashes in China, 42 killed",0
"Elevating Science, Elevating Democracy",0
"Yushchenko claims victory in re-run",0
"Apple users criticize lack of FireWire port on MacBook",0
"Karl Rove refuses to testify before House Judiciary Committee",0
"Sabbatini and Mallinger Tied for Byron Nelson Lead",0
"Tax breaks promised by Australian Prime Minister as election fast approaches",0
"Lewis Hamilton wins 2008 German Grand Prix",0
"Medtronic Posts 69% Decline in Profit",0
"Queues form outside struggling UK bank; calm urged",0
"Soyuz Arrives, and Space Station Becomes Home for 6",0
"Terry Teen, 1960s Rockabilly artist, injured in collision",0
"GigaPan Automates the Panoramic Picture",0
"Pakistan says its military fired on U.S. aircraft 'violating' its airspace",0
"Rower Tuijn halfway across Pacific in record attempt",0
"Louisiana officials accused of blocking rescue volunteers",0
"Chinese version of Wikinews gets blocked in China",0
"Helicopter accident in Afghanistan wounds three Italian soldiers",0
"Nuggets Use a Little of Everything to Even Series",0
"Clippers Want Griffin, but Little Else in N.B.A. Draft Is Clear",0
"Tropical storm hits Philippines, 45,000 people displaced",0
"70 killed after tanker explosion in Nigeria",0
"Study says to clean your sponge, microwave it",0
"US novelist John Updike dies age 76",0
"At least seventeen dead after clashes in Somalia",0
"Ad Campaign Presses Bank on A.I.G. Investments",0
"Quebec police admit they went undercover at Montebello protest",0
"In the Genes of a Hereford, the Essence of Cow",0
"Iraqis Snap Up Hummers as Icons of Power",0
"To Capitalist Folly, Town in Spain Offers Reply",0
"First openly gay prime minister to be appointed in Iceland",0
"Aid pledges rise; Japan promises 500,000,000 USD",0
"European football: Sevilla player dies after collapsing during game",0
"Veteran sergeant accounts US torture coverup",0
"U.S. Win Provides a Special Memory",0
"European Commission publishes progress report on Western Balkans",0
"China Goes on a Commodities Shopping Spree",0
"UK Prime Minister announces date for general election",0
"Film about Travis County DA's investigation of Texas election of 2002",0
"Shooting rampage in Orlando, Florida leaves one dead, seven injured",0
"Agassi and Sharapova voted Wimbledon's sexiest champions on commercial website",0
"Brazil threatens to break patent on AIDS drugs",0
"Nepal Maoists begin strike to overthrow government",0
"Charles B. Rangel",0
"Bernie Ecclestone on the State of Formula One in Hard Economic Times",0
"At least fifteen dead after landslide in Indonesia",0
"Good Intentions Aside, Are We Killing the Patient?",0
"Armstrong Returns to Riding With a Purpose",0
"Australian Football League: Clubs threaten to take home games interstate",0
"Obama Pressures Wall Street Over Bonuses",0
"Will  Big-Leaguers in World Baseball Classic Be Worse for Wear?",0
"Another Top Law Firm Pays Hires to Delay Start",0
"In Minnesota, Big Moment for a Temple for Hindus",0
"Tesla, Awaiting U.S. Aid, Unveils Its Electric Car",0
"Spain-based Santander agrees to purchase of UK bank Alliance & Leicester",0
"Cassini space probe to flyby Saturn's moon Iapetus",0
"Junk foods may affect aggressive behaviour and school performance",0
"National Museum of Scotland reopens after three-year redevelopment",0
"New Gabonese president names new government",0
"Former Philippine President Joseph Estrada found guilty of plunder",0
"Computer professionals celebrate 10th birthday of A.L.I.C.E.",0
"For Wall Street, a Barrage of Mixed Messages",0
"Man charged with assaulting British singer Leona Lewis",0
"Wikimania 2008: MediaWiki use in the U.S. Department of State",0
"23 killed, 36 injured by stampede at Sudanese stadium",0
"Judge rules against student blogger's First Amendment claim",0
"Shares Fall, and Dollar Hits Low Against Euro",0
"In Downturn, Marketers Still Rely on New Products",0
"Sesame Street Live near the finish of its 27th season",0
"Balaram Stack Puts Long Island on Surfing Map",0
"Auckland International Airport may become a hub for Emirates Airline",0
"For Fed Policy-Making, Murky Era Lies Ahead",0
"Leery of Debt, Germany Shuns a Spending Spree",0
"Cuba announces shift of farm management to local level",0
"Criminal charges filed in Nov. 19 NBA brawl",0
"New Border Fear: Violence by a Rogue Militia",0
"New Status in Africa Empowers an Ever-Eccentric Qaddafi",0
"Canadians may elect Senate",0
"Oak Park and neighbors to study Les Golden's intergovernmental cooperation proposals",0
"Norfolk youths banned from buying eggs and ketchup",0
"Imperial Tobacco to cut over 2000 jobs",0
"Singer Britney Spears gives birth to a healthy boy",0
"Spanish Police Say Traffickers Ensnared Nigerians With Voodoo",0
"Bush EPA nominee abandons insecticide-on-children study after Senate hearing",0
"Pettitte Is Sharp Again in Kansas City",0
"Canadian nuclear reactor shutdown causes worldwide medical isotope shortage",0
"Czisny Win U.S. Figure Skating Title",0
"Options, and Hurdles, in Speeding Vaccines",0
"Florida man charged with stealing Wi-Fi",0
"South African Vipers win Singapore Rugby Sevens",0
"Standing Ovation as Marbury Helps Celtics Win in Debut",0
"As Tasks at Hubble End, No Tears, but It Was Close",0
"Jaipur's Queen Gayatri Devi dies at 90",0
"Scotland's First Minister does comedy sketch for charity",0
"Eurovision 2008: First semi-final held in Belgrade",0
"Iran will continue work on nuclear fuel cycle",0
"Severe weather warnings issued for much of UK",0
"Greece formally asks for EU-IMF loans",0
"EU warns France about auto rescue plan",0
"Suicide bomber kills 24 in Peshawar, Pakistan",0
"Astronaut's baby born 200 miles below him",0
"Wal-Mart accused of workers rights violations",0
"Twenty-five children injured in bus-truck collision in Florida",0
"The Case Against Aiding Insurers",0
"Prominent Iranian judge assassinated",0
"Egyptian teacher who killed child receives prison term",0
"Nine oil workers die as helicopter crashes in Siberia",0
"Wikileaks to release thousands of secret documents; 'international embarrassment' likely",0
"Grand Jury Investigates Los Angeles Priest Cases",0
"Bone marrow transplant potentially linked to cure of patient with AIDS",0
"Joblessness Rises as Orders and Home Sales Fall",0
"Obama, at Caterpillar Plant, Lobbies for Stimulus Package",0
"2008 Google Developer Day focuses on Internet APIs in Australia",0
"Obiang reelected as president of Equatorial Guinea after elections",0
"Obama Delivers Call for Change to a Rapt Africa",0
"John Constable painting location mystery solved after 195 years",0
"Sweden Says No to Saving Saab",0
"Thousands to celebrate twenty years since fall of Berlin Wall",0
"3,100 on Strike at Vale Inco in Canada",0
"Two Sides of a Border: One Violent, One Peaceful",0
"Chilean miners trapped after mine collapse; miscalculated drilling delays rescue",0
"Richard Scrushy, Ex-Chief of HealthSouth, Loses Civil Suit",0
"Texas continues to suffer record-breaking drought",0
"Arturo Gatti, Former Boxing Champion, Found Dead in Hotel Room",0
"A Strong Week   Ends on Down Note",0
"Mrs. Obama Speaks Out About Her Household",0
"Sabathia Returns to Cleveland With His Best Stuff",0
"Nigeria's cabinet dissolved by acting president",0
"Canadian convicted of murder in HIV case",0
"With Confidence, South Korea Rolls to Title Game",0
"Lance Niekro Dusts Off a Family Heirloom: The Knuckleball",0
"A G.M. Bankruptcy Would Tax the Experts",0
"Water level rising in Chinese rivers, further flooding expected",0
"Flash floods hit Australia's eastern coast",0
"Judge in Nebraska says thou shalt not sue God",0
"For Obama, Rare Chance for Bold Start on Big Task",0
"China Protests Moving of Detainees",0
"Mudslides kill at least thirteen in Italy",0
"USA upsets Canada in Olympic ice hockey",0
"Massachusetts Speaker Gives Reason for Quitting",0
"As Tamil Rebels Lose Ground in Sri Lanka, a Crisis Flares for Trapped Civilians",0
"At least 200 New Orleans police officers quit force",0
"Latvia Is Shaken by Riots Over Its Weak Economy",0
"Cancer trial patient dies after hospital computer system error",0
"In Weekly Address, Obama Presses Congress on Budget",0
"Masterminds of USS Cole and Limburg bombings escape from Yemeni prison",0
"Sunshine Coast Regional Council can't challenge legal appeal by McDonald's Australia",0
"On Gun Cases, Other Judges Support Sotomayor",0
"Dell recalls potentially incendiary laptop batteries",0
"China enacts historic ""anti-secession"" law",0
"Technology giants battle for USB 3.0 standards",0
"US carrier Delta Air Lines cuts jobs, sells planes",0
"Buffalo, N.Y. hotel proposal gets final approval by city Planning Board",0
"EPA declares 'emergency' asbestos cleanup in Montana town",0
"Louisville Brings Syracuse to Its Knees",0
"U.S. military confirms Qur'ans were kicked, stepped on and splashed with urine at Guantanamo",0
"Mubarak arrested in Egypt ahead of corruption probe",0
"Interrogation Memos Detail Harsh Tactics by the C.I.A.",0
"Controversial Judge Priscilla Owen approved for seat on the 5th U.S. Circuit Court",0
"Juventus Looks for Early Goals Against Chelsea",0
"Soyuz TMA-11 spacecraft lands",0
"Tornado touches down in Joplin, Missouri",0
"I'll Have Another wins 2012 Preakness Stakes",0
"2008 YODEX Review: Varied competitions, Vast creations",0
"Girl's flu case found to be drug-resistant",0
"McNamee Says He Injected Clemens at Yankee Stadium",0
"Bush meets with President of Guatemala",0
"Trains grind to a halt in Northeast US",0
"With Top Pick, Islanders Choose Goal Scorer in Tavares",0
"Bill Raftery Punctuates N.C.A.A. Tournament With Exclamation Points",0
"Chargers Consider Loss a Learning Experience",0
"Hoax email plays on tube travellers' fears",0
"Red Cross says 100 dead after roadworks trigger pipeline explosion in Nigeria",0
"Pullback Less Than Expected in 4th Quarter",0
"Hawthorn wins 2008 AFL Grand Final",0
"Tables Turn in Transaction of 2 Auto Giants",0
"Oasis star Noel Gallagher assaulted on stage in Toronto",0
"Making the Case for Climate as a Migration Driver",0
"Serena Williams, Who Once Beat Andy Roddick, Now Has Focus on Quarterfinal",0
"Brain dead woman gives birth",0
"Liberians choose their president",0
"Police call off search for missing woman in Georgia, USA",0
"Knicks Rally Past Pistons, and Into Playoff Contention",0
"Guatemalan government may suspend liberties under state of emergency",0
"United States confirms first military death sentence since 1957",0
"Prisons in New Zealand to introduce mobile phone jamming technology",0
"Search for climbers on US mountain ends; two presumed dead",0
"New Zealander blind in one eye because of novelty lens",0
"Myanmar Presses Case Against Pro-Democracy Leader",0
"Pittsburgh Survives Battle With Oklahoma State",0
"Checkmate at the Yellowstone Club",0
"Man Held in Boston Hotel Killing",0
"Leipheimer Cruises Into Tour of California Lead",0
"I.O.C. Bars International Torch Relays",0
"Dulko Sends Sharapova to Another Early Exit",0
"Tomb discovered in Valley of the Kings",0
"Bomb Kills at Least 76 in Baghdad Market",0
"Weekend violence in Darfur complicates peace talks",0
"Panel Changed to Get Pay Cut",0
"On a Thrilling Night, Liverpool Loses With Pride",0
"Camp Casey moves to safer land, as Mother's protest continues",0
"Montel Williams Show breached standards with 'psychic' Sylvia Browne",0
"Ireland? Iceland? Doubts on Doomsday Scenario in Eire",0
"Comedian Dave Allen dies aged 68",0
"Rebuilding Begins Upon a Wobbly Truce",0
"Evgeny Adamov will be extradited to Russia",0
"Man who shot Pope released from prison in Turkey",0
"Thai-Cambodian generals in talks after border clash kills two",0
"Knicks May Lose Gallinari for Season",0
"Parker and Duncan Play Well, but Spurs Are Pushed to Brink",0
"Wikinews interviews Dr Thomas Scotto and Dr Steve Hewitt about potential US military intervention in Syria",0
"Denny's Super Bowl free 'Grand Slam Breakfast' brings 2 million diners",0
"Stevie Wonder to perform pre-game show for Superbowl XL",0
"Mixed success for Brampton Day at Ontario Place",0
"Keeping Jobless Rules Intact, Florida Declines Stimulus Money",0
"2006 Algarve Cup Preparations",0
"2008 Tour de Taiwan, TaiSPO, and Taipei Cycle: 3-in-1 preview",0
"Sports Museum of America Is Set to Close",0
"Rescuers in Egypt end search for victims of ferry crash",0
"Back Service Personnel, First Lady Asks Nation",0
"Envoy Arrives in Sri Lanka for Cease-Fire Talks",0
"Microsoft releases Windows Phone 7 to manufacturing",0
"Four aftershocks hit central Chile; no damages reported",0
"Critic of Chechen President Is Killed in Exile in Vienna",0
"Secret memos reveal Bush administration endorsed enhanced interrogation techniques",0
"Fired Colorado Professor Defends 9/11 Remarks",0
"The End of Banking as We Know It",0
"Philippine impeachment unlikely to succeed",0
"Markets down across the world; Dow Jones falls below 9,000",0
"Virgin Atlantic jet fire investigation finds faulty wiring in A340 fleet",0
"U.S. Needs to Clarify Cyberwar Plans, Panel Says",0
"Ties found between Abu Ghraib prison abuse and Guantanamo Bay",0
"Filly Champions Are Rare, but Rachel Alexandra Is No Ordinary Filly",0
"Experimental aircraft breaks record for hypersonic flight",0
"David Abraham appointed as new chief executive of British Channel 4",0
"Spain defeat Serbia in 2009 European Basketball Championships",0
"Philippines is culling 6500 hogs after Reston ebolavirus outbreak",0
"Greek Soccer 3rd Division, North Group, Pavlos Melas relegated",0
"Wikinews discusses the H1N1 pandemic with the CDC",0
"Larry Hughes Leads the Knicks to a Critical Victory",0
"Guinea to launch investigation into killing of protestors",0
"MTV to Put a Bit More Music Back on Television",0
"NASA: Discovery appears safe to return to Earth",0
"South African parliament questioned over media policy",0
"'Suspicious package' causes closure of busy street in Buffalo, New York",0
"Indian Human Resources minister to reform technology sector",0
"OJ Simpson found guilty in kidnapping, armed robbery case",0
"A Man With Everything, Including a Lot to Flee",0
"Calgary Stampeders win 2008 Grey Cup in Montreal",0
"Tee Times May Keep Some Players Under Rain Clouds",0
"California Gets Federal Help to Ease Its Water Woes",0
"Explosion kills Briton in Qatar; dozens injured",0
"Million Dollar Homepage is close to achieving million-dollar goal",0
"Little Relief Expected for Flood-Ravaged Brazil",0
"Tattoo with identifying details leads to prosecution of thief in Bristol, UK",0
"North Korea Sets Date for Launching",0
"Blues musician Pinetop Perkins dies at age 97",0
"For Beckham and M.L.S., Breaking Up Is Hard to Do",0
"Danish clothing company sells T-shirts to support FARC and PFLP",0
"2007 European football friendly match: England vs. Germany",0
"British schools to inform parents of overweight children",0
"ETA set off car bomb in La Rioja, Spain",0
"Sweden celebrates its first national day as a public holiday",0
"Ex-WorldCom Chief found guilty of all charges",0
"EBay Plans to Spin Off Skype in Public Offering",0
"Huntsman Wins Right to Sue Banks Over Failed Deal",0
"E-Inquiries - Bring Public Inquiries to the Net",0
"Suicide bomber kills seven people in Afghan capital",0
"Missouri Is Too Much for Cornell",0
"In First Start, Burnett Shows What Makes Yankees Different",0
"Soccer Provides Oasis in Mexican City Ravaged by Drug War",0
"South African police clash with demonstrators",0
"London Zoological Society reports on health of planet Earth",0
"Pope Slips and Breaks Right Wrist on Vacation",0
"Iraqi insurgents intercepted drone feeds using widely available software",0
"Suicide Attack Kills at Least 15 in Iraq",0
"Golf and rugby set to return to the Olympic Games",0
"PoGo, for Instant Gratification in Snapshots",0
"French broadcasters barred from saying ""Facebook"" or ""Twitter"" on air",0
"Libyan court upholds death sentence for foreign medics in HIV case",0
"Skeletons found under home in Hertfordshire",0
"First-Round Upsets Are Common in N.H.L.",0
"BC election writ drops; referendum campaigns underway",0
"Princess Kiko gives birth to imperial baby boy",0
"Beijing, in Snub to Taipei, Boycotts a Sports Ceremony",0
"Ariel Sharon, former Prime Minister of Israel, dies at 85",0
"Report blames 747 crash at Brussels on bird strike",0
"U.S. EPA submits 2003 greenhouse gas inventory to U.N.",0
"Explosion injures at least 14 in Colorado",0
"Strike shuts down Toronto's transit system",0
"Israel announces settlement expansion plans",0
"Harriet Miers withdraws from Supreme Court nomination",0
"A.J. Pierzynski leads Chicago White Sox to narrow 5-4 win against Detroit Tigers",0
"In Rescue of Captain, Navy Kills 3 Pirates",0
"United States and Iraq finalize agreement to have troops out of Iraq by 2011",0
"Southern Gaza hit by new Israeli air strikes",0
"Going to Mars, but Staying Close to Home",0
"New York Governor Eliot Spitzer resigns",0
"Deadly blaze in Paris possibly caused by arson",0
"Demonstrations planned to protest internet censorship in Finland",0
"Spelbound declared winner of Britain's Got Talent 2010",0
"Rupert Murdoch: Blair says BBC ""hates America""",0
"Britain makes final World War II debt payments",0
"Profiting From Globalization",0
"Rocket hits US consulate in Afghanistan",0
"Investors Said to Be Less Wary of German Economy",0
"Scottish lawyer denies death of Lockerbie bomber Abdelbaset Ali al-Megrahi",0
"In Switch, Magazines Think About Raising Prices",0
"BBC and Sky networks reject Gaza appeal",0
"Villanova Avoids an Upset by American",0
"Kate Lundy watches Australian women qualify for the women's R2-10m air rifle final",0
"Rescued Captain and Crew Returning Home on Wednesday",0
"Alabama wins 2010 American football college title",0
"UK and U.S. bombing raids against Iraq increased in 2002",0
"Australian Air Force crews ""at war"" with Veterans' Affairs over compensation",0
"Obama succeeds Bush as 44th president of the United States",0
"Australian rules football: West Gippsland Latrobe Football League becomes Gippsland Football League as Wonthaggi concedes move",0
"San Jose, CA, USA, city manager resigns amid Norcal investigation",0
"Taliban Losses Are No Sure Gain for Pakistanis",0
"Libyan government accuses three Dutch helicopter crew of transporting spies",0
"China overtakes Germany as world's biggest exporter",0
"Apple's iTunes replaces Wal-Mart as No. 1 U.S. music seller",0
"Jet Goes Down in Indian Ocean With 153 Aboard",0
"Next generation DVD format war nearing deadline",0
"500 policemen seek drug dealers in Rio",0
"Australian Defence Department funds controversial development training",0
"Astronauts Capture Hubble Space Telescope for Repairs",0
"Deadly clashes in Somalia between police and government troops",0
"Nike Orders Fall 12%, Sending Shares Down 4.6%",0
"In Gaza, Weighing Crimes and Ethics in Urban Warfare",0
"Earthquake shakes Athens",0
"Ritual sacrifice in Nepal sees 320,000 animals slaughtered to Hindu goddess",0
"Little Rock Nine member Jefferson Thomas dies aged 67",0
"My Swings With Annika",0
"German president dissolves parliament; elections in September",0
"Top militant in Pakistan killed by suspected US missile drone",0
"Man in UK convicted for having obese dog",0
"El Salvador suspended from world football by FIFA",0
"Australia's Howard calls for nativity scenes",0
"London bombers may have been 'duped' into committing suicide",0
"Massachusetts Sued Over Cost of Health Care",0
"Detroit Council Member Pleads Guilty to Accepting Bribes for Vote",0
"Study concludes 9/11 firefighters are 19% more likely to develop cancer",0
"Police social media frenzy threatens to prejudice alleged child killer trial",0
"Luxury-Goods Makers Embrace Sustainability",0
"AT&T to purchase T-Mobile for US$39 billion",0
"Haitian minister: Over 150,000 dead in capital after earthquake",0
"New Heyday for an Old Giant, the Golem",0
"Two-day bird flu conference draws $1.9 billion in pledges",0
"Cricket: Scotland v Pakistan abandoned due to rain",0
"Plants may adapt faster to climate change than previously thought, new study shows",0
"Israel begins ground assault on Gaza Strip",0
"7.1 magnitude earthquake in Fiji",0
"Oman Navigates Between Iran and Arab Nations",0
"Canadian city announces first Studios of Brampton tour",0
"Mars rover Opportunity successfully escapes sand trap",0
"Canada announces $9 billion plan to purchase 65 F-35 fighters",0
"MLB: Houston Astros fire manager Phil Garner and GM Tim Purpura",0
"Democratic Republic of Congo adopts new constitution, plans elections",0
"Two British girls arrested for smuggling in Ghana",0
"Injuries Force Meissner and Hughes to Pull Out of Nationals",0
"'Top Model' winner CariDee English on her modeling career and her battle with psoriasis",0
"Monty Python's ""Holy Hand Grenade"" sparks bomb scare",0
"Energy Dept. Said to Err on Coal Project",0
"Fund-Raising Still Has Its Perks in the Obama Era",0
"Vitamin C can help prevent cancer say the National Institutes of Health",0
"One Big Inning Puts Hughes on Winning Track",0
"Final match of the Chappell-Hadlee trophy washed out in Brisbane",0
"Wikinews interviews Frank Moore, independent candidate for US President",0
"Three Candidates Are Killed in Iraq",0
"China and Russia sign trade deals worth US$3.5 billion",0
"US pastors plan to defy law and endorse candidates",0
"New York City disputes 2010 Census",0
"US Senate to vote on troop pullout from Iraq today",0
"Australia to lose $2 billion due to Japanese disasters",0
"Interview: cracked iPhone working in New Zealand",0
"Four US soldiers face disciplinary action for burning Taliban soldiers' bodies",0
"Knicks Lose as Shots and Accusations Fly",0
"Qantas Reduces Commitment to New Boeing Plane",0
"Public disclosure made of final report on deaths of nine in Finnish school shooting",0
"New Australian industrial relations legislation passes House of Representatives",0
"2 Navy Vessels Collide in Strait of Hormuz",0
"CNN Prepares a Fresh Team of Medical Experts",0
"Best Buy Reports a 10% Sales Increase",0
"In Italy, Sign of Defiance in a Kebab and a Coke",0
"Arrest warrant issued for Tom DeLay",0
"Bush crashes his bike into Scottish police officer",0
"Senator Says He Had Affair With an Aide",0
"Russia asks Iceland for details of bank rescue plan before giving loan",0
"Somali pirates release tanker after receiving millions of dollars in ransom",0
"Knight Foundation and Mozilla send geeks into newsrooms",0
"Swine flu outbreaks appear globally; WHO raises pandemic alert level to 5",0
"'Pregnancy pact' grabs international attention for small Massachusetts town",0
"Pastor Michael Guglielmucci admits his cancer was a hoax; videos being removed from YouTube",0
"An Effort to Upgrade a Court Archive System to Free and Easy",0
"Fortieth anniversary of first manned Moon landing",0
"Ex-Detainees Are Allowed to Proceed in Torture Case",0
"Swine Flu Vaccine May Be Months Away, Experts Say",0
"Georgia Shoots 3 Men Wanted in Rebellion",0
"Japanese nuclear officials race to avoid disaster as radiation levels in sea rocket",0
"Jobless Numbers Fall, but New Claims Rise",0
"Still Missing: A Trophy for Tiger",0
"Former Australian police media director Stephen Linnell's perjury conviction quashed",0
"European Shares Slide After British Bank Bailout",0
"US temperatures edge upward following brutal winter storm",0
"Ousted Thai PM arrives in Cambodia to take up government post",0
"U.S. Vice President Biden's mother dies, aged 92",0
"Tee Box by the Sea: At No. 9, 449 Yards and a Panorama",0
"Vodafone buys Connex and Oskar",0
"Microsoft Flight Simulator series grounded after layoffs",0
"Death Penalty Is Repealed in New Mexico",0
"Andy Roddick Presents Challenge for Coach Larry Stefanki",0
"Station staff on the London tube to take industrial action over staffing levels",0
"Fehr Announces He Will Retire From Players Union",0
"Lindsey Vonn Wins Downhill, Picking Up Second Gold at World Championships",0
"A Distinctive Facade Is Recreated at New Yankee Stadium",0
"Australian rules football: 2010 Gippsland Football League round 11 - Wonthaggi v Traralgon",0
"Mountaineers 'Climb Up' for AIDS funding",0
"England beat India in one-day cricket series opener",0
"Australian Bureau of Statistics faces budget cut",0
"Persons from Punta Arenas, Chile on strike after government announcement to increase gas prices",0
"Man banned from keeping animals after forcing cat to inhale cannabis",0
"Cavaliers Agree to Sell Stake to Chinese Investment Group",0
"English Premier League 2007/08: Clubs seek Brazilian stars",0
"Sarkozy ends French job ban for Eastern Europeans",0
"Phil Hill, first American to win the Formula One championship, dies at age 81",0
"World Health Organization: Stay away from Ugandan caves",0
"Toyota's US sales fall by 8.7%",0
"Tankers taken by pirates in Indian Ocean",0
"U.S.C. Eases Past Boston College",0
"Bobby Murcer, former New York Yankees player dead at 62",0
"Beijing Adds Curbs on Access to Internet",0
"Past Corruption Taints New India",0
"TV Land Tries to Spice Things Up With Reality Show",0
"Leapfrog Device Aimed at Littlest Readers",0
"Explosion at Yemen weapons factory kills dozens",0
"Bahrain King Pardons Shiite Political Prisoners",0
"Mozilla to fix Firefox security hole in patch",0
"Acting teacher and director Milton Katselas dies at age 75",0
"Controversial cancer test gains support",0
"Wikinews investigates: Advertisements disguised as news articles trick unknowing users out of money, credit card information",0
"Marburg virus outbreak in Angola claims over 300 lives",0
"Even Well-off Consumers Aim to be Less Conspicuous",0
"S.E.C. Chief Tries to Stake Out Role in Overhaul",0
"Rights group in Afghanistan investigating claim of US use of phosphorus bombs",0
"Elvish, Klingon and Na'vi: Constructed languages gain foothold in film",0
"Owsley Stanley, icon of 1960s counterculture, dies at 76",0
"UN criticises Israel's latest settlement plan, angry reaction from US and UK",0
"Barack Obama effectively clinches Democratic nomination",0
"China: Heavy flooding displaces over a million, kills dozens",0
"Jailed Swedish journalists tried as terrorists",0
"Decline in PC Orders Leads to Microsoft Layoffs",0
"Second Arab-Israeli bulldozer attack in July 2008",0
"Inquiry on Graft in Iraq Focuses on U.S. Officers",0
"France Looks to Help Airbus With Loan Guarantees",0
"Swift mission measures distance to star explosions",0
"Daughter of U.S ambassador Eric John dies after New York City fall",0
"US military helicopter crashes in Florida",0
"Alitalia Sells a Stake as It Makes Its Return",0
"Gunman kills three in Wisconsin shooting",0
"Iraq: Shootings, bombings kill dozens in Baghdad, Baquba, Qiyara, Madaen",0
"Burial site for Polish president Lech Kaczynski draws objections",0
"Massive floods in Bavaria, Austria, Switzerland",0
"Activists claim police harrassment as G20 summit nears",0
"Suspect arrested for murder of Iraq's entire taekwondo team",0
"Clinical signs a 'reliable measure' of HIV treatment progress",0
"U.S. Soldier and 11 Iraqis Die in Attacks",0
"Olympic Leaders Lash Out at U.S.O.C. Revenue Deal",0
"Australian football: Adelaide United defeat Queensland Roar, through to A-League Grand Final",0
"Illinois court rejects attempt to have governor removed from office",0
"Stimulus Plan Sets New Limits on Executive Pay",0
"Angry Ads Seek to Channel Consumer Outrage",0
"Wikinews interviews novelist Jeremy Robinson",0
"In Parched Argentina, Worries Over Economy Grow",0
"Daimler Is Latest Carmaker to Report a Loss",0
"A Combative Trial in Colorado as a Controversial Ex-Professor Seeks to Win Back His Job",0
"BBC to release iPlayer to other broadcasters",0
"Fossett set to recreate first non-stop trans-Atlantic flight",0
"Australian Medical Association backs ethanol blended fuels",0
"Penske Auto selected to buy General Motors' Saturn unit",0
"S.E.C. Seeks Ruling in Reserve Primary Fund Case",0
"Australian Immigration denies issuing banned drug",0
"Official: Military aircraft crashes in Afghanistan",0
"Fiji suspended from Commonwealth",0
"Survival and Celebration for the Niagara Basketball Team",0
"Parajet Skycar expedition takes off from London to Timbuktu",0
"France to Lower Tax to Entice Diners to Restaurants",0
"Imitation gun pointed at Australia swimmers during training",0
"Arrest made in Jennifer Hudson family killings",0
"Lure of Pro Ball Still Tugs at Pittsnogle",0
"Heading European Parliament About Prestige, Not Power or Pay",0
"Anti-terror amendments to be rushed through Australian parliament because of new 'potential threats'",0
"Golf: Ángel Cabrera wins 2009 Masters Tournament",0
"North Korea seeks diplomatic relations with the US",0
"Wikinews interviews Corrado Giustozzi, security consultant and author",0
"Afghan Villagers Describe Chaos of U.S. Strikes",0
"Fourth Loss in a Row",0
"Loggers Hope to Save Jobs by Saving Environment",0
"Bainimarama sworn in as Fiji caretaker PM",0
"Latvian Health Official Resigns Over Cuts",0
"Bad weather makes life tougher for quake survivors",0
"'Criminal in uniform': Senior London policeman jailed for attempting to frame Iraqi",0
"NHL: Ducks take commanding three game lead on Wild",0
"Ethiopians Withdraw From Key Bases",0
"Tory candidate in election gaffe",0
"UN Secretary General releases new statement as UN aid starts to reach Myanmar",0
"US congressmen sue Obama for military action in Libya",0
"Roethlisberger to Be Among Amateurs at U.S. Open Challenge",0
"Nick Hogan, son of wrestling star Hulk Hogan 'seriously injured' in vehicle accident",0
"Disease scare in south Sudan, aid groups return",0
"Leaders Meet Amid Tensions Over Report Of Turkish Plot",0
"Finland win first ever Eurovision Dance Contest 2007 held in London",0
"Massive blackouts hit Florida",0
"Clemens Still Denies Everything",0
"Pope attacked during Christmas Eve Mass",0
"Europe Lags as U.S. Economy Shows Signs of Recovery",0
"Church of Scientology warns Wikileaks over documents",0
"Australia and New Zealand condemn Fiji takeover",0
"American Executive Fired in China Bribery Case",0
"Altidore, Afterthought in Spanish League, Stars for the U.S.",0
"EU bans all Indonesian airlines as well as several from Russia, Ukraine and Angola",0
"Protestors detained after violence near G8 summit",0
"Student-Athletes Protected? Insurance Fine Print Matters",0
"Google begins massive effort to make books available online",0
"Rumsfeld calls Afghanistan a 'big success'",0
"Ed to wed: UK Labour leader Miliband announces engagement to Justine Thornton",0
"Apple swamped by iPhone 4 pre-orders",0
"Chinese quake death toll nears 32,500, as a major aftershock occurs and mourning begins",0
"UK Chancellor of the Exchequer makes 2005 Budget speech",0
"Tropical Storm Ike upgraded to hurricane status",0
"Texas executes Mexican-born killer despite international appeals",0
"At Least 3 Hostages Reported Slain in Yemen",0
"Church of England rejects compromise over women bishops",0
"Physics Nobel Prize awarded for insights into light",0
"U.S. Sues Railroad Over Smugglers",0
"Philippine prisoners repeat performance of Thriller in tribute to Michael Jackson",0
"A Woman on Horseback Finds Friends on the Road",0
"Rail network in Kashmir comes under attack",0
"Bush calls for congress to make more money available for Food Aid",0
"Rod Woodson Tries to Stay Grounded Amid Hall of Fame Talk",0
"Tamil Rebels Offer Conditional Truce",0
"Fern Britton may appear on BBC's Strictly Come Dancing",0
"Space Shuttle Endeavour lands in California",0
"Liberal Party of Australia win Bradfield, Higgins by-elections",0
"Suresh Joachim breaks ironing world record",0
"At least 89 dead in Phuket, Thailand air crash",0
"Robin Cook dead after collapsing",0
"News of Michael Jackson's death overloads Internet sites and sparks hoaxes",0
"Guilty Plea in Tax Shelter Case",0
"Web Pries Lid of Iranian Censorship",0
"Orange Shut Down Harden, and Sun Devils Follow",0
"When Santana Hurts, the Mets Feel His Pain",0
"France banning Skype from universities",0
"El Salvador elects leftist president Funes",0
"Private Banker Says He Took Millions, Undetected",0
"Geelong win 2009 Australian Football League Grand Final",0
"Thousands attend anti-war protests in London and Glasgow",0
"Song by indie artists, used in small movie, wins Oscar",0
"Businesses and individuals worldwide to turn lights off as part of Earth Hour 2009",0
"Camel Rock Festival held in Scilly",0
"All 2500 runners in Lake District race accounted for after flood",0
"Torino & Messina thrown out of Italy's Serie A football championship for next season",0
"Titanic actress Gloria Stuart dies at age 100",0
"Oil rig in Gulf of Mexico sinks after explosion; eleven missing",0
"Mercedes Focuses on Image, Not Recession",0
"High Court of Australia dismisses appeal against conviction, compulsory voting",0
"Green Party refines 'Buy Kiwi Made' scheme",0
"North Korea to dismantle nuclear facilities this year",0
"Iraqi Shoe Thrower Gets Three Years",0
"Aid payments to be withdrawn by UK following violence in Ethiopia",0
"Big East Flexes Muscle in Backyard of Former Member",0
"North and South Korea to meet next week",0
"Hong Kong teenager murders mother and sister",0
"Wail of sirens marks Holocaust Remembrance Day in Israel",0
"City Plans to Make Older Buildings Refit to Save Energy",0
"Emigration perspective in the eyes of young Poles",0
"San Diego votes for new mayor",0
"Egyptian train crash at level crossing leaves dozens dead",0
"Sirius XM Prepares for Possible Bankruptcy",0
"Bus crash in Victoria, Australia injures twenty, some critical",0
"Amid Poor Auto Ad Sales, Reasons to Be Upbeat",0
"Hopes for treaty on climate begin to wither",0
"Futures Game Is Delayed, but Japanese Prospect Is Ahead of Schedule",0
"With Swipe at U.S., Iraq Builds Ties to French",0
"Third Bank Is Seized This Year",0
"Australian art gallery raided by police; photographer faces possible indecency charge",0
"Wider Drug War Threatens Colombian Indians",0
"Lawmaker from Japan found hanged",0
"Togo unanimously vote to abolish the death penalty",0
"UN calls on international community to increase aid for Iraqi refugees",0
"Roddick Leaves Drama to Serena Williams at French Open",0
"Fats Domino missing in the wake of Hurricane Katrina",0
"Italy Seizes Millions in Assets of Four Banks",0
"A Chance to Get Outside",0
"US bombers to train in Australia",0
"China Outlines Plans for Making Electric Cars",0
"Four earthquakes hit the Philippines in quick succession",0
"Australian police charge Indian doctor over failed UK bombings",0
"One Dies and 16 Are Missing in Copter Crash Off Newfoundland",0
"Pakistan to Strike at Leader of Taliban",0
"YouTube user gets instant fame for video defending Britney Spears",0
"Poison sue Capitol Records and EMI Music Marketing over royalties",0
"Boston University Stuns Miami to Win Fifth N.C.A.A. Title",0
"Magnitude 5.4 earthquake hits Southern California",0
"Stoking Fears, Baghdad Bombs Kill About a Dozen",0
"US Congress House panel OKs big cut in public broadcasting funds",0
"NRMA stands by ""unsafe"" smash repair system",0
"Politician's remarks overshadow Canada's historical apology to natives",0
"Florida Man Pleads Guilty in UBS Tax Case",0
"Conservative party wins minority government in Canada",0
"Body of a Somali Pirate, Carrying $153,000 of a Ransom, Washes Ashore",0
"Soaring, Never Boring",0
"In Control of Series, Rangers Struggle to Contain Avery",0
"Injured NASA astronaut replaced on crew of upcoming mission",0
"Kidnappers release two aid workers in Darfur, Sudan after more than 100 days",0
"Journalists for Start-Ups and Freelancers Face Dangers",0
"U.S. watchdog group lists ""most corrupt members of Congress""",0
"More than 100 reported dead after Syrian troops move against protesters",0
"World leaders react to death of Osama bin Laden",0
"Rumors say Cuban President Fidel Castro has died",0
"The Grown-Up Division of Football",0
"After Jobs Discloses  Illness, Questions for Reporters",0
"Nigeria votes in parliamentary elections",0
"Business Graduates Looking Beyond Wall Street",0
"Obama Faces Pressure to Strike Firmer Tone on Iran",0
"Russian Report Says Moscow Will Halt Missile Deployment",0
"As Mumbai Spills Over, Floodwater Creeps Closer",0
"New South Wales, Queensland to have electorates redrawn: Australian Electoral Commission",0
"Airbus Sees Soft Year for Orders and Deliveries",0
"Israeli head of military Dan Halutz resigns",0
"Medicare System Overhaul Proposed by Two Senators",0
"Bank of America Board Under Gun From Critics",0
"Cuomo May Want to Talk to Private Equity Firms",0
"Aircraft makes emergency landing at Edinburgh Airport",0
"English Premier League: Week 33 round-up",0
"Cast of BBC's Strictly Come Dancing announced",0
"Directive Limits Activity in Roadless Areas of Forests",0
"Tunisian swimmer Oussama Mellouli stripped of championship for doping",0
"Chinese astronaut walks in space",0
"Rio de Janeiro to host 2016 Olympics",0
"Bolivian President Says Plot on His Life Was Tied to Coup Attempt",0
"After Awkward Pause, Alex Rodriguez Thanks Teammates",0
"India and China to discuss energy: cooperation or competition?",0
"All change for Nottingham, England trams as new operator announced",0
"B.U. Defenseman Wins Hobey Baker and Eyes National Title",0
"Engine failure may have been factor in Amsterdam plane crash",0
"Barry Bonds guilty of obstruction",0
"Tensions Grow in Georgia Over Accusations of a Plot",0
"Accounts, People, Miscellany",0
"Sci-fi and fantasy author Andre Norton dies",0
"Annual Perseids meteor shower visible in northern hemisphere",0
"Mets Prospect Goes From a Barn to the Big Time",0
"Video Game Publisher Lost $10 Million in Quarter",0
"Body of Pilot of Doomed Air France Flight Identified",0
"Federer Returns and Turns Back Upset Bid",0
"No. 2 Oklahoma and No. 3 U.N.C. Fall",0
"Skirting Thorniest Issues, Turkey and Armenia Move to Ease Tensions",0
"UN General Assembly approves measures to protect economic, social and cultural rights",0
"Maliki Pushes for Election Gains, Despite Fears",0
"Wikimedia Foundation receives copyright infringement claim from Mormon Church",0
"Owner of Wendy's chili finger still not found",0
"'UFO' spotted in Istanbul, Turkey",0
"Cost Cuts at Qwest Help Profits Climb",0
"SpaceX launches first Falcon 9 rocket",0
"Memory of Pat Tillman Lives On in Phoenix",0
"Sewerage project starts in Pakistan",0
"General of Egyptian army intends to use full force to stop protests",0
"Surveillance Effort Draws Civil Liberties Concern",0
"Mathematics summer school in Turkey threatened by authorities",0
"Runaway EMU train collides with freight train in India",0
"New York Times reporter sent to jail in leak case",0
"Common cold virus may be linked to childhood obesity",0
"Mark Webber wins 2009 German Formula One Grand Prix",0
"Suspects in Death of Lebanese Ex-Premier, Hariri, Are Freed",0
"Senator Obama's passport records breached in January 2008",0
"Reports Underscore Weakness of Economy",0
"ADP says US economy lost 742,000 jobs in March",0
"Many in Government Knew Weeks Ago About A.I.G. Bonuses",0
"Nortel to Cut Another 3,200 Jobs",0
"Enlisting a Global Work Force of Freelancers",0
"Idi Amin offered to act as peacemaker in NI",0
"Las Vegas Sags as Conventions Cancel",0
"Iraqi lawmakers delay vote on electoral law",0
"Shift on Marijuana Policy Delays Sentencing",0
"98th annual East Texas State Fair opens in Tyler, Texas",0
"Typhoon Megi kills seven in Taiwan, heads towards southern China",0
"Wikinews interviews Jim Babka, chair of Libertarian organization Downsize DC",0
"Vettel Leads Red Bull to 1-2 Finish at Silverstone",0
"Cricket: South Africa to host 2009 ICC Champions Trophy",0
"The Times and the Future",0
"Congress Passes Bill to Tighten Weapons Programs",0
"San Francisco at Crossroads Over Immigration",0
"Airbus parent EADS wins £13 billion UK RAF airtanker contract",0
"Ten children killed in Estonian orphanage fire",0
"Loss of Tax Revenues Is Felt Acutely in West, Report Finds",0
"Canada's Afghan mission in question",0
"Wikinews interviews American zoologists about pirate perches' chemical camouflage",0
"Defending World Skating Title, Germans Take Pairs Lead",0
"IOC visits Madrid as part of 2020 Olympic bid process",0
"Pakistan Says It Makes More Gains on Taliban",0
"Art Appreciated as Inflation Hedge",0
"Canadian government falls in non-confidence vote",0
"Ryanair sack, sue pilot over participation in safety documentary",0
"Moldovan wines win three medals at contest in Bordeaux",0
"Former first lady of India Janaki Venkataraman dies at 89",0
"Metal singer Ronnie James Dio dies aged 67",0
"2008 Taste of Taiwan Cuisine: A complex to redefine Taiwan's MICE industry",0
"Beyond the Boldface Names in the IndyMac Deal",0
"Victory Charge at Players Championship, but From Stenson, Not Woods",0
"Greek government faces censure motion by opposition",0
"Rockets Poised to Advance Without McGrady",0
"Australian women's water polo team takes test series against Great Britain",0
"Dr Dino gets 10 years in prison after failure to pay taxes",0
"North Korea to rejoin six-nation talks",0
"Attack on mosque kills 30 in Rawalpindi, Pakistan",0
"Explosion, fire temporarily halts cereal production at General Mills plant",0
"Gangs Said to Contact Politicians",0
"Russian prime minister resigns at President Vladimir Putin's request",0
"London transport system returning to normal",0
"Treasury Boss Taking Fire in Europe Over Stimulus",0
"Wikinews interviews author and filmmaker John Gaspard",0
"Prosecutors Appeal Ruling, Delaying Bonds Trial",0
"Thailand's ""Truth Today"", Thaksin tonight; pro-government protesters mass at stadium",0
"Sulpicio Lines asks court to stop BMI investigation into 'Princess of the Stars' disaster",0
"7.1 magnitude earthquake strikes Araucanía, Chile; no tsunami warning",0
"Iraq Leader Omits a Bit in Lauding U.S. Pullout",0
"Girl found dead in truck in Northamptonshire, England",0
"Truck Bomb Kills Dozens in Northern Iraq",0
"Eurozone approves Greece bailout",0
"ABC News anchorman Peter Jennings diagnosed with lung cancer",0
"DR Congo transport minister sacked after numerous boat accidents",0
"Seattle Post-Intelligencer Shifts to Web Only",0
"Glazer caps Manchester United's player transfer spending at £25m a year",0
"Mugabe claims 'sweeping victory' of Zimbawe election",0
"Seven million dollar Iraq bank heist leaves eight dead",0
"Wikinews interviews Australian Statistician Brian Pink",0
"Softball Pitching Star Rachele Fico Prepares for Next Step",0
"Palestinian Campus Looks to East Bank (of Hudson)",0
"US Senate passes stimulus package",0
"Truck carrying explosives crashes, explodes in Utah",0
"U.S. vice president Joe Biden says positive consensus on same-sex marriage is 'inevitable'",0
"Perez Wins Bob Hope Classic, Conquering the Wind",0
"Xbox 360 console sales surge in America",0
"House fire in Bristol, England kills two",0
"24 people rescued from roller coaster at California's Great America theme park",0
"Priests jailed for $8.6 million theft",0
"Lakers Leave No Doubt, but There Are Concerns",0
"Muslim cleric, two officers killed after gun attacks in southern Russia",0
"Pope concludes visit to US with Mass at Yankee Stadium",0
"John Key admits to visiting strip clubs",0
"Walt Disney World twinned with Swindon, England",0
"Report finds LOT Airlines plane was lost over London due to pilot error",0
"Anxious Investors Want Biotech Firms to Cash Out",0
"Scientists debate whether Hurricane Katrina was aggravated by global warming",0
"Nineteen-year sentence for murder handed down to music producer Phil Spector",0
"MS-13 gang threatens the Arizona ""minutemen""",0
"Charter Communications to File for Bankruptcy",0
"Former U.S. Presidential candidate Gene Amondson dies following a stroke",0
"U.S. Kills 5 Afghans in Raid on House",0
"Fox News viewership drops by half in 6 months",0
"Chilean earthquakes in the O'Higgins Region: photoessay",0
"$1.75 Trillion Deficit Seen as Obama Unveils Budget Plan",0
"Sandy Allen, world's tallest woman dies at age 53",0
"Shine of MySpace May Fade a Bit",0
"From Israel to the N.B.A., Missing the Hummus",0
"Loyalist rioting erupts in Belfast",0
"Manson Family killer Susan Atkins dies in prison",0
"Blair: ""Labour must be the party of change makers""",0
"Congressman Thad McCotter ends bid for U.S. president",0
"Five Toronto teenagers charged with armed robbery",0
"That Perk in the Sky Has Defenders on the Ground",0
"UEFA Champions League 2007/08: Fear can drive Celtic - Strachan",0
"With Help, Conductor and Wife Ended Lives",0
"Chinese yuan revalued against dollar",0
"Sudan adopts new currency",0
"Wikinews interviews U.S. Constitution Party presidential candidate Max Riekse",0
"David Rohde, Times Reporter, Escapes Taliban After 7 Months",0
"Guinea coup trial defendant names co-conspirators",0
"Many nations offer material aid to hurricane victims; Bush refuses to accept",0
"Australian rules football: Leongatha upset Traralgon in round six of 2010 Gippsland Football League season",0
"U.S. Joins Rights Panel After a Vote at the U.N.",0
"Brazil to invest US $3.6bn on slums",0
"At Least 32 Die in a Wave of Violence Across Iraq",0
"New I-35W Minneapolis bridge opens",0
"Rhode Island to Test Medicaid Spending Cap",0
"G.M. Said to Pick Michigan, Saving 5,000 Jobs",0
"Software That Monitors Your Work, Wherever You Are",0
"Indian spacecraft Chandrayaan-1 enters moon orbit",0
"On the Lookout, With a Digital Security Camera",0
"China and Russia continue joint army exercise",0
"Afghanistan general Stanley McChrystal cleared of wrongdoing",0
"Man Is Arrested in Obama Threat",0
"At least 85 dead in shooting at Norwegian youth camp",0
"UN demands return of aid seized by Hamas",0
"Estimated 300-ton radioactive leak at Fukushima rated 'serious incident' by watchdog",0
"Medtronic Drops Dr. Kuklo, Accused of Faking a Study",0
"Fiji ""running out of patience"" with Vanuatu over ban on Fijian biscuits",0
"Bairds Encounter Familiar Ground at Doral",0
"Panda cub born in Taiwan to gifted Chinese pandas",0
"Iraqi government approves power-sharing deal eight months after elections",0
"Supreme Court Ruling Prompts a Mixed Response",0
"Poisoned liquor kills 17 in Kenyan slum",0
"Israeli airstrikes damage more offices housing international journalists in Gaza City",0
"Fijians in New Zealand urged to protest NZ's involvement in Fiji",0
"Testimony by John Travolta that son was autistic raises Scientology questions",0
"Leftist Party Wins Salvadoran Vote",0
"Cigarette Butts: Tiny Trash That Piles Up",0
"Canadian foreign affairs minister resigns amid controversy",0
"France Announces $8.5 Billion Plan to Help Struggling Auto Industry",0
"Tracking Loans Through a Firm That Holds Millions",0
"Australian rules football International cup ""community event"": Australian Football League",0
"New England Patriots Top New York Jets",0
"Greens Technology: Sensors Help Save Water",0
"Wikinews holds a follow-up interview with Max Riekse, Constitution Party candidate for the 2008 U.S. presidential election",0
"Couple takes lawyer hostage and said to have explosives",0
"Honduras deploys 8,000 troops to ensure peaceful elections",0
"TV debate between German chancellor Schröder and opposition leader Merkel held",0
"Earthquake hits Chile",0
"100th British soldier killed in Iraq",0
"Purdue Finally Advances Past North Carolina",0
"2008 Taiwan Excellence Gold and Silver Awards announced",0
"Televising Yankee Games With a Net",0
"U.S. accidentally delivered nuclear missile components to Taiwan",0
"11 policemen dead after attack by Taliban",0
"NATO deploys helicopters in Libya",0
"Coalition ups ante on Australian school tax rebates",0
"Australian rules football: 2010 Gippsland Football League round 1 - Wonthaggi v Leongatha",0
"Boyfriend forces Missouri woman to swallow cell phone",0
"Steelers Owner Dan Rooney Turns His Business Into a Family",0
"Ethiopia plans to expand country's Internet access",0
"Europe to Ask Wealthy Nations to Adopt Carbon Trading System",0
"American Express Bests Earnings Estimates",0
"Small plane and helicopter collide over Hudson River in New York City",0
"Stark Images, Uploaded to the World",0
"With Downturn, Calls to Florida Help Line Grow",0
"LHC sets new particle energy acceleration record",0
"Building collapses in Mecca at eve of Hajj pillgrimage",0
"Treat California Just Like G.M.",0
"As the Public Simmers, Obama Lets Off Steam",0
"President Bush signs U.S.-India nuclear deal",0
"Before the Tea Party, Thank Your Lucky Stars",0
"Fall sweeps through Texas",0
"Suspect Is Held in Slaying of Chechen Exile",0
"Major 7.3 magnitude earthquake hits Honduras",0
"Indianapolis remains undefeated with win in Jacksonville",0
"The Talented Mr. Madoff",0
"18 illegal Afghan and Burmese immigrants killed in truck crash in Turkey",0
"NASA says worker tried to sabotage ISS",0
"Shinzo Abe's LDP suffers set-back in Japanese elections",0
"Ocean's 18: Solace for Sea Dogs at Turnberry",0
"Climate change impacts Wyoming",0
"Express Scripts Buys WellPoint Pharmacy Unit for $4.7 Billion",0
"Residents fear environmental hazard on site of partially collapsed building in Buffalo, New York",0
"At Least 21 Killed in Polish Blaze",0
"Nokia and Intel to Work Together on Mobile Computing",0
"Covered Up, and Harassed, in Cairo",0
"In Baseball, Slow Starts May Not Have Happy Endings",0
"Gay Lights Up the Track in the 200 at the Reebok Grand Prix",0
"Tropical Storm Katrina threatens Florida, Bahamas",0
"Makybe Diva wins the Melbourne Cup",0
"Medical School Says Ex-Army Surgeon, Hid Medtronic Ties",0
"Car crashes into house in Suffolk, UK, seriously injuring man",0
"Thai Protests Reveal Deep Divisions",0
"Half a million z?oty vanish from the bank account of Lech Wa??sa",0
"NOAA says Earth's oceans becoming more acidic",0
"London to host 2012 Olympic Games",0
"Mindful of Civilians, Pilots in Afghanistan Alter Tactics",0
"Northern Iraq Suicide Blast Kills 4 American Soldiers",0
"Ban Ki-Moon says Cyprus solution ""possible""",0
"Thirty die in car accidents during Bicentennial of Chile celebrations",0
"US unemployment rate falls in January",0
"Russia and Cuba Sign Strategic Partnership",0
"Longtime New York radio reporter found stabbed to death",0
"Norwegian politicians face voter suppression allegations",0
"New Leader Overhauls Ford Foundation",0
"11th-Hour Court Order Blocks Oil and Gas Leases in Utah",0
"Ukraine presidential election headed for runoff",0
"Messi Rises Above the Fouls to Mastermind a Rout",0
"Paper or Plastic? At One Show, the Latter Wins Big",0
"Coal miners trapped in West Virginia mine",0
"Dock worker killed by snapped cable",0
"Bank Profits Appear Out of Thin Air",0
"France, Italy, UK sending military advisers to Libya; photojournalists killed in Misrata",0
"5 Top Serbs Found Guilty of War Crimes in Kosovo",0
"PocketFinder: A GPS to Find People, Not Directions",0
"Citi Directors Face Angry and Critical Investors",0
"California, Out of Money, Reels as Voters Rebuff Leaders",0
"Premier League: United snatch victory in dramatic Manchester derby",0
"Campbell Soup Sales Fall as Stores Cut Inventory",0
"Journal Register Seeks Bankruptcy Protection",0
"Web Site Offers Anonymous Chats With Strangers",0
"Research shows HIV virus may hide in bone marrow",0
"Well-preserved baby mammoth found in Siberia",0
"Freman Hendrix eclipses Kwame Kilpatrick in Detroit mayoral race",0
"Union Membership Up Sharply in 2008, Report Says",0
"South Korean scientists claim they have cloned pet dog",0
"U.S. Drone Strike Said to Kill 60 in Pakistan",0
"Police discover five bodies in Victoria, Canada home",0
"Manufacturing Orders Are Rising in China",0
"Dinosaur tracks found in Arabian Peninsula",0
"Treasury reveals cost of carbon tax on Australian families",0
"Duke upset by FSU",0
"Research articles predict next earthquake",0
"Fire at tombs in Uganda result in clashes between protestors and police",0
"Chicago White Sox win 2005 American League baseball pennant",0
"Obama budget calls for record US deficit",0
"Pittsburgh Caps Rally to Win Stanley Cup",0
"Basketball: Lakers score 102 to defeat the Celtics in Game 1 of the 2010 NBA Finals",0
"BBC's Mock The Week 'breached guidelines' with Olympian humour, say corporation's Trust",0
"Stimulus May Provide Relief for States and the Jobless on Health Insurance",0
"U.S. Unit Secretly in Pakistan Lends Ally Support",0
"US reduces Belgrade staff after embassy attack",0
"Spirited Rangers Gain a Much-Needed Victory",0
"Suspect in 1998 bombing of US embassy in Tanzania won't face death penalty",0
"Cargo ship Arctic Sea may be found",0
"Thai Queen attends protester cremation as report indicates explosive tear gas used",0
"U.S. General McChrystal submits plan on Afghanistan to President Obama",0
"Zimbabwe election victory for Mugabe",0
"Knicks Need a Point Guard, but Picking Eighth, Who Knows?",0
"Fannie Mae Says It Needs Another $15 Billion",0
"Clinton Delivers Rebuke to Pakistan",0
"Novelist J.D. Salinger dies aged 91",0
"Many Civilian Targets, but One Core Question Among Gazans: Why?",0
"Local al-Qaida leader killed in eastern Yemen",0
"Space Shuttle Discovery successfully launches after a month of delays",0
"2007 ICC World Twenty20: India vs New Zealand",0
"Could an unmarked grave in Winchester contain the remains of King Alfred?",0
"Seismologist Mario Pardo rebukes notion that Pichilemu, Chile experiencing ""seismic swarm""",0
"India tops list of top offshoring locations",0
"Nigeria bill has Taylor implications",0
"Two pilots dead in Richmond plane crash",0
"Two large earthquakes rattle Japan, Russia",0
"Jones Pounces on Mets Bullpen as Braves Scratch Out a Win",0
"2004 Commonwealth Judo Championships",0
"Out of School but In the Game",0
"EU regulation prevents sale of 'small' kiwi fruit in Bristol shop",0
"Disposing of Assets of Failed Banks Tests F.D.I.C.",0
"Salvage operation begins to retrieve black boxes from Adam Air Flight 574",0
"Bringing Wind Turbines to Ordinary Rooftops",0
"Two die from overdoses and 83 arrested at New Jersey Ozzfest",0
"South Korean navy ship sinks off North Korean coast",0
"Leona Lewis assaulted at book signing in London, England",0
"Pushing an Agenda, and Raising Cash for It",0
"Setbacks in Bay Area Add to Pain for The Chronicle",0
"Arsonist behind Namdaemun gate fire in Seoul imprisoned for 10 years",0
"Genius award recipient and other luminaries campaigning for worldwide renunciation of war",0
"For Mets and Yankees, New Parks Are Home to Plenty of Quirks, Too",0
"Yankees Prospect Andrew Brackman Not Used to Being in Shadow",0
"Armagh man charged with 1998 bombing murders",0
"Cisco Buys Pure Digital, Maker of Flip Cameras",0
"Case Against Ex-Leader Stirs Unease in Taiwan",0
"US stock markets soar after bailout plan",0
"U.S. Weighs Sharif as Partner in Pakistan",0
"Body found in Cradle Mountain, Tasmania, Australia",0
"Index of Economic Activity Declined in March",0
"Obama Says U.S. Will Pursue Thaw With Cuba",0
"Obama Confronts a Choice on Copters",0
"Baby in California born with 12 functioning fingers and toes, in a rare case of polydactylism",0
"Three peacekeepers in Sudan killed by gunmen",0
"Ramadan begins today in India",0
"No breakthrough in the WTO trade talks",0
"Obama Urges Passage of Energy Legislation",0
"Nelson Mandela lies in state as South Africa mourns",0
"Twenty dead after double suicide bombing in Iraq",0
"U.S. improving Persian Gulf missile defense",0
"11 Japanese hospitals receive bomb threats",0
"Space Shuttle Endeavour completes STS-123 mission",0
"401 children from Texas sect compound taken into custody",0
"Search and rescue beacons soon to make the digital jump",0
"Bristol Organic Food Festival 2008 lauched, 100 thousand expected to attend",0
"Russia and Ukraine Settle Natural Gas Dispute",0
"Home demolitions in East Jerusalem continue",0
"Jackson Said to Have Had Pulse When Found",0
"Libya Faults U.S. on Halt to Weapons Programs",0
"U.S. Household Wealth Falls by Trillions",0
"Another Way Lead Kills Condors",0
"Oil for food scandal: UN releases third report",0
"Lawmakers Want Look at Sheriff in Arizona",0
"Australian sport may be on the cusp of change",0
"Haitian priest Jean-Juste held in relation to the murder of a journalist",0
"British Regulator Accuses 3 of Insider Trading",0
"Middling Start by Wang, and a Losing Effort by the Yankees",0
"Major fire in Montreal, Canada, destroys several businesses",0
"Two Knicks Who Are Worth Keeping",0
"Australian rules football: West Gippsland Latrobe Football League Finals Preliminary Final",0
"70 Youths Sue Former Judges in Detention Kickback Case",0
"British government apologises for suggesting the Pope could create a brand of ""Benedict"" condoms",0
"Mathematical Model and the Mortgage Mess",0
"Sailor Finishes Ocean Race After 121 Days at Sea",0
"Jets Reach Five-Year Deal With Sanchez",0
"13 Firms That Received Bailout Money Owe Back Taxes",0
"Obama Tells Mayors to Spend Wisely",0
"Thousands protest privatisation of Australian electricity industry",0
"Madoff Arrives at Federal Prison in North Carolina",0
"Bombing Challenges Aid to Pakistan Refugees",0
"Two children killed in fire in Derbyshire, England; man arrested",0
"Authorities arrest 7 state officials over Mexico childcare centre fire",0
"Shriver speaks out over Schwarzenegger’s affair and love child",0
"Baseball: Nationals get Soriano from Rangers for Wilkerson, Sledge, prospect",0
"Peasant group to rap Philippine military for ‘electioneering’",0
"Taiwan Voters Move Away From Chen's Agenda",0
"Suicide attack at Yemen shrine leaves nine dead",0
"Scores killed by flooding in Yemen",0
"Nurse glues boyfriend's eyes shut",0
"California Lawmakers Struggle to Strike Budget Deal",0
"Redding Falters Again",0
"Greek opposition attacks government on wildfires tragedy",0
"Police investigate new lead in 'Chili Finger' case; Ayala abandons lawsuit",0
"With 3,500 Layoffs, Corning Is Latest to Cut Jobs",0
"Connecticut becomes third U.S. state to allow same-sex civil unions",0
"Oregon running back LeGarrette Blount's college football career ends with a punch",0
"Bad Economy Is  Good Time for College Basketball Coaches to Have  Bad Season",0
"U.S. retains control of Internet root servers",0
"Professional wrestler Walter ""Killer"" Kowalski dies at age 81",0
"UK interest rates remain at 0.5%",0
"No Red Cape, or Red Ink, in South Korean Bullrings",0
"DNA Tests Prove Michigan Man, Searching for Origins, Was Not Kidnapped Toddler",0
"Over 13,500 evacuated after wildfire in California",0
"Justices to Rule on Law Banning the Depiction of Cruelty to Animals",0
"Apple Chief Reportedly Had Liver Transplant",0
"Poker's all about luck, says Swiss Supreme Court",0
"Baylor Keeps Barreling Through Big 12",0
"US Senator Robert Byrd dies at age 92",0
"Israeli-Arab Hebrew University students charged with operating al-Qaeda cell",0
"Shares of G.M. Plumb New Depths",0
"Politically charged murder trial under way in Malaysia",0
"Manitoba residents receive evacuation flood alerts",0
"In Ecuador, Resentment Oozes Long After an Oil Company Departs",0
"U.S. Hurricane Center director leaves position",0
"Two Palestinians reportedly shot dead by Israeli troops",0
"Outcry Over A.I.G., Unrelenting, Tests Geithner",0
"Golfer Tiger Woods delivers apology speech",0
"IAEA and its director ElBaradei are awarded the Nobel Peace Prize",0
"Calvin Harris knocks Michael Jackson off top spot in UK Album Chart",0
"Syria Discloses Missile Facility, Europeans Say",0
"English Football: Chelsea F.C. sack Grant",0
"Delta 4 Heavy rocket poised for maiden launch",0
"Germany Going Into Elections Divided on Economic Approach",0
"Workers With Part-Time Jobs Mask Employment Woes",0
"EU deems UK privacy laws inadequate, takes legal action",0
"Non-profit ACORN plans to shut down",0
"Tighter Budgets Affect College Sports Recruiting",0
"Barnes & Noble Beats Earnings Estimates",0
"Maine Senators Collins and Snowe Gain by Backing Stimulus",0
"Report: Annan failed to fix Oil for Food program",0
"An Indiana Town Appreciates Obama, and That Stimulus Cash, Too",0
"Death sentences in 2008 Chinese tainted milk scandal",0
"American Envoys Try to Defuse a Political Crisis in Pakistan",0
"Drought stricken Somalia nears famine",0
"India's moon craft reaches final lunar orbit",0
"Reporter Jailed in Iran Passes Week on Fast",0
"Profit Dropped 74% in Quarter for Volkswagen",0
"Soldier dies as military helicopters collide in Iraq",0
"Whoopi Goldberg to take Rosie O'Donnell's spot on 'The View'",0
"Tolls may be needed for NSW Pacific Highway upgrade",0
"UN/WHO making progress in treating HIV/AIDS, but will miss 2005 target",0
"A Call for Smarter Regulation",0
"Cambridge, Mass., city council recommends construction firm W. R. Grace remain under DEP supervision for asbestos contamination",0
"Madrid bombing suspect arrested in Belgrade",0
"Several groups seek to purchase Saturn auto brand",0
"Government of Canada okays WIND Mobile launch, overturning CRTC decision",0
"Boxer Ricardo Williams Jr. Leaves Prison and Returns to the Ring",0
"Nixon Comments Disclosed on Abortion and Watergate",0
"Australian refugee activists plan protest during minister's speech",0
"Hillary Clinton forms presidential exploratory committee",0
"Egypt Accuses Hezbollah of Plotting Attacks and Arms Smuggling to Gaza",0
"Pakistan Makes a Taliban Truce, Creating a Haven",0
"National plant materials center goes native in Washington, DC",0
"Australian Senate sits for extra day, passes industrial relations legislation",0
"France recalls Íngrid Betancourt mission",0
"French Police Round Up Migrants",0
"Israel Says Actions in Gaza Not War Crimes",0
"Baby dies after being found abandoned behind shop in Gwent, Wales",0
"Nine die in bush-fires in South Australia",0
"Fireball lights up sky across Canadian prairies",0
"Pakistan and Afghan Taliban Close Ranks",0
"General Says Shoot Dealers in Afghanistan",0
"Major storms batter Europe",0
"Space Shuttle Discovery launch scheduled for Tuesday",0
"Australia flash flooding traps thousands",0
"Rebels Kill at Least 620 in Congo, Groups Say",0
"Cash Cards Appearing in More Wallets",0
"Job Losses Push Safer Mortgages to Foreclosure",0
"Pakistan Wins World Twenty20 Championship",0
"Up to 140 feared dead as boat sinks in DR Congo",0
"Georgian spy plane shot down",0
"Church of Scientology in France accused of fraud; ordered to stand trial",0
"Five killed in mid-air collision over Warwickshire, England",0
"IWF reverses censorship of Wikipedia",0
"Philadelphia Finds a Reality Show Hard to Watch",0
"Where Iron Is Bigger Than Oil or Gold",0
"A Court Candidate Who Has a Sparse Legal Record",0
"President Alvaro Uribe asks Washington to stop meddling",0
"US government to replace color-coded terror alert system",0
"World Bank president addresses global youth forum on genocide",0
"Aid agencies warn of food shortages in flood-hit India",0
"With Local Control, New Troubles in Iraq",0
"The White House Seeks to Block Bonuses at A.I.G.",0
"Obama to Appeal Detainee Ruling",0
"Top Russian Aide Calls for Less Kremlin Control",0
"Obama to ask for special BP claims fund over oil spill",0
"Mlambo-Ngcuka sworn in as South African deputy president",0
"Japanese company recalls two million needles in US",0
"Wikipedia and sister projects prepare new, easier interface",0
"Apple introduces iPhone and Apple TV",0
"Commodities Still Attract the Adventurous",0
"After a Memorable Shot, a Final One for Two Maryland Seniors",0
"Johan Santana Has No Changeup for His Competitive Fire",0
"Cyprus charges five over 2005 air crash that killed 121",0
"Man decapitated on Greyhound bus in Manitoba",0
"Vestas delays closure of Newport plant",0
"Sequel of aftershocks hit O'Higgins, Bíobío and Maule regions in Chile",0
"TARC to showcase R&D achievements in 2008 AutoTronics Taipei",0
"U.S. and Afghan Forces Seize Biggest Drug Cache to Date",0
"Rice offers to talk with Iran and Syria",0
"MST attack in Rondonia kills one man",0
"US president Bush visits Canada",0
"Ibrahim Ferrer, Cuban singer, dies at 78",0
"Serbian Mig-29 crashes near Belgrade",0
"NSA to participate in U.S. cybersecurity",0
"California Begins Hunt for Deeper Cuts",0
"Space Shuttle Discovery launches on final mission",0
"Bus driver convicted of killing eleven after falling asleep in California crash",0
"Two missing after severe thunderstorm in St. Paul, Minnesota",0
"US hands Iraq high-profile prisoners",0
"Elizabeth II begins state visit to Ireland amid protests, security fears",0
"New al-Qaeda video shows Osama bin Laden meeting with 9/11 hijackers",0
"New professional Open documentary project",0
"For Jamaica, 2012 Report on Gender Equality and Development focuses on men",0
"The Public, Not the Pro, Rules at Bethpage Black",0
"NASA: Old Arctic sea ice continues to melt",0
"Swap Meet Continues as Jets Maneuver for Greene",0
"Four killed in militant attack on Karachi military base",0
"Australian state of Victoria swears in new cabinet",0
"Japan Pays a Price for Its Lifetime Jobs",0
"UEFA Champions League 2007/08: Group Stage Draw",0
"27 Gifts Under $50 For The Sea Witch In Your Life",1
"The Hardest Premier League Badge Quiz You'll Ever Take",1
"Having Diarrhea, As Told By Donald Trump",1
"We Need To Talk About Khloe Kardashian Hitting Her Peak",1
"What Really Happened To Your Favorite Band",1
"20 Reasons Stiles Stilinski From ""Teen Wolf"" Is The Man Of Your Dreams",1
"Here's A Mouthwatering Step-By-Step Guide To Making The Most Insanely Delicious Fried Chicken",1
"Can You Guess What These Sexy Halloween Costumes Are Called",1
"Turns Out A Skeleton Dancing To ""Hotline Bling"" Is The Greatest Thing Ever",1
"8 Things You Need To Know About Gabriel Iglesias And His Weight Loss",1
"How Well Do You Remember The Lyrics To Sum 41's ""Still Waiting""",1
"Quick And Easy Vegan Mac & Cheese",1
"Which Guy From ""Are You The One?"" Would Be Your Perfect Match",1
"19 Things Only University Of New South Wales Students Will Understand",1
"18 Euphoric Moments For Twentysomethings Who Are Basically Grandmas",1
"Couples Watch Themselves Kiss In Slow Motion",1
"Which Food Network Competition Should You Star In",1
"When You're A Girl Who Spends Too Much Money",1
"13 Makeup Tips Every Person With Hooded Eyes Needs To Know",1
"15 Delicious Pastas With No Meat",1
"My Best Friend's Wedding Might Be Getting A TV Show Sequel",1
"The ""Growing Up With My Name"" Hashtag Captures What It's Like Having A Unique Name",1
"We Got Drunk And Listened To Adele's New Album, And Things Got Emotional",1
"34 Of Your Favourite Bollywood Celebrities' First Tweets",1
"Are You More Katniss Or Furiosa",1
"17 Dogs Who Just KNOW",1
"There Is A Huge Difference Between ""Fight Club"" And ""Mr. Robot""",1
"23 Pictures Right-Handed People Will Never Ever Understand",1
"British Adults Try Sweets From Their Childhoods",1
"The 10 Most Popular Celebrities On Twitter In 2015",1
"An Open Letter To The Taquero, The Greatest Human In The World",1
"Are Cats Better Than Dogs",1
"These Dudes Put On Makeup In A Moving Car And Finally Understand",1
"Forever 21 Is Being Accused Of Stealing An Artist's Design For A Crop Top",1
"Drake Is A Low-Key One Direction Stan",1
"Which Season Is The Best Season",1
"Here's The Body-Positive Reason ModCloth Ditched Their ""Plus"" Section",1
"What Kind Of Animal Were You In A Past Life",1
"Everyone Is Talking About This Genius Couch From The Netherlands",1
"This Tiny Detail You Might've Missed In ""DDLJ"" Makes The Movie A Tragedy",1
"Ryan Reynolds Really Didn't Mind Being Nude On The ""Deadpool"" Set",1
"Can You Name The First 20 Elements Of The Periodic Table",1
"21 Times Michael Clifford Was The Realest Person On Twitter",1
"Here's What 19 Painfully Handsome Male Models Look Like Without Makeup",1
"How Well Do You Remember Ted Mosby's Girlfriends? Part 1",1
"19 Wildly Adorable Products You Definitely Need In Your Life",1
"The Cutest Opossum On Tumblr Is A Dead One",1
"What's The Worst White Elephant Gift You've Ever Ended Up With",1
"How Many Songs On Justin Bieber's Album Are About Selena Gomez",1
"This Reporter Responded To A Vulgar Comment With An Awesome ""Your Mama"" Joke",1
"There Is A Toad Controlled Robot And It's Adorably Terrifying",1
"27 Subtle And Tasteful White Ink Tattoos",1
"16 Charming Bookshops In The UK Everyone Must Visit",1
"17 Pictures Of Ben Folds And His Glasses",1
"22 Struggles People Who Don't Wear Glasses Will Never Understand",1
"7 Surprisingly Easy Ways To Get Organized For The Holidays",1
"In An Alternate Universe What Does Your Celebrity Thanksgiving Look Like",1
"Who Is Your Celeb BFF Based On Your Birth Month",1
"Here's What Real Vegetarians Actually Eat",1
"Gabrielle Union Hilariously Pretended Not To Know Who Stacey Dash Is",1
"29 Times Japanese Twitter Lost Its Shit Over Kawaii Critters",1
"Here's How To Be The Best Gift Giver Ever",1
"Aziz Ansari's Instagram Post About His Dad Will Make You Cry",1
"Do You Know Where These US TV Shows Are Set",1
"31 Things Every Person From Western Massachusetts Understands",1
"Thoughts Everyone Who's Afraid Of Flying Knows Too Well",1
"Struggles Everyone With Contacts Knows",1
"Men Watch Other Men Get Vasectomies And It Scarred Them For Life",1
"This Groom And His Best Man Celebrated Their Bromance With A Photo Shoot",1
"How Much Of A Picky Dater Are You Really",1
"This Woman Wore A Patriotic Hijab On Fox News And People Are Freaking Out",1
"27 Clever Ways To Remember All Your Shit",1
"People Drink Hurricanes For The First Time",1
"The Woman Leading A Crusade To Tell More Asian-American Stories",1
"Dinner For Two: Steak And Salad",1
"These Cute Handbags Are Designed To Hide The Smell Of Your Weed",1
"Can We Guess If You'll Get Married This Year Based On Your Favorite Emoji",1
"24 Makeup Milestones For Anyone Obsessed With Beauty",1
"17 Pieces Of Oreo Art More Beautiful Than The ""Mona Lisa""",1
"The Hardest Tube Station Quiz You'll Take Today",1
"If Your Dad Made Inspirational Posters",1
"We Know Your Favorite Celeb Based On Your Least Favorite Celebs",1
"9 Behind-The-Scenes Things You Might Not Know About ""Can't Hardly Wait""",1
"This Is What Happens When Straight People Try ""Conversion Therapy""",1
"Tell Us About Yourself(ie): Demetri Martin",1
"30 Things You Need To Know About David Koechner",1
"It's Time To Talk About How Good Olive Garden Is",1
"Here's What Healthy People Actually Eat All The Time",1
"What's Your Favorite Moment From ""The Nightmare Before Christmas""",1
"We Tried Edible Body Paint And It Was Grosser Than You Ever Imagined",1
"What Disney Princesses Would Look Like If My Boyfriend Answered My Phone Calls",1
"15 Smart Dollar Store Ideas To Declutter Your Kitchen",1
"Are You More Fall Out Boy, Panic! At The Disco, Or Paramore",1
"Weird Things Gay Couples Do",1
"What Does The ""U Up?"" Text Mean",1
"11 Animals Just Trying To Get Home For Thanksgiving Via Turtle Taxi",1
"The Winners And Losers Of Asian Representation In Hollywood In 2015",1
"We Know Your McDonald's Order Based On Your Birth Month",1
"Groundhogs Aren't The Only Animals Who Can Predict The Future",1
"Here's A Look At 100 Years Of Halloween Costumes",1
"This Puzzle Is For Everyone Who Knows Their Booze",1
"15 Pictures That Accurately Sum Up Your Relationship With Your BFF",1
"17 Songs That Will Make You Feel Like You're Living In A Dream",1
"5 Ways To Mourn The Death Of Someone You Never Knew",1
"Drop Everything: Psy Released Two Insane New Music Videos",1
"Here's A Brilliant Twitter Account You Should Follow If You're A Desi Woman Sick Of Sexism",1
"26 Tumblr Posts About ""Star Wars"" Guaranteed To Make You Laugh",1
"I'm an iPhone Person And This Is Why I Actually Love The New Android Phone",1
"The First Trailer For Ellen Page's ""Gaycation"" Is Finally Here",1
"12 Things Black Women Have Been Told About Their Hair That May Be Total BS",1
"What Questions Do You Still Have About ""Friends""",1
"13 Holiday Books Every YA Lover Needs To Read",1
"Can You Name Every One Of Terry Pratchett's Discworld Books",1
"Which Hogwarts House Do You Belong In Based On The First Letter Of Your Name",1
"This Goat Has Been Bullying His Tiger Friend",1
"Does Anyone Know What Dreamforce Actually Is",1
"Sorry America, But ""Harry Potter And The Sorcerer's Stone"" Is Wrong",1
"15 Incredibly Bitchy Texts Your Period Would Send You",1
"16 Times Chewbacca Was You At The Club",1
"Here's The Ultimate Playlist To Get You Through The Stages Of A Breakup",1
"17 Songs That Will Make Your Workout Merry AF",1
"17 Times These Cats Loved Summer Produce",1
"There Are So Many Goats In This Tree And No One Knows Why",1
"Dear World, You're RUINING Indian Food, Please Stop",1
"Which Pop Diva's Scent Should You Wear Based On Your Birthstone",1
"Americans Listened To Coke Studio For The First Time And Were Pretty Damn Impressed",1
"Couples On Instagram Vs. Couples In Real Life",1
"Hey Ed Westwick, Why",1
"22 Facts That Will Make You Feel Better About Yourself",1
"20 Small Things To Do When Gender Dysphoria Gets You Down",1
"We Have To Talk About Prince Harry's Beard Right Now",1
"People Are Flipping Out Over Adele's Flip Phone In Her New Video",1
"Ice Has Been Melting Near The North Pole Thanks To A Midwinter Heatwave",1
"29 Hilarious Tweets About ""Harry Potter""",1
"The 21 Most Alberta Things Ever",1
"20 Ridiculously Awesome Pieces Of Furniture You Wish You Could Afford",1
"We're Launching Our First Ever Series On iTunes",1
"Nick Jonas Shared Possibly The Best Throwback Thursday Photo Ever",1
"A Guide To The 2015 Victoria's Secret Angels",1
"This Is What Happens At New York Fashion Week's Biggest Queer Runway Show",1
"Seth Rogen, Joseph Gordon-Levitt, And Anthony Mackie Play An Epic Game Of ""Never Have I Ever""",1
"17 Pictures Of Dogs Just Doing Their Jobs",1
"Here's How To Make A Floral Dog Leash For A Winter Wedding",1
"The First Promo Of NBC's Show At Which The ""Friends"" Are Reuniting Is Here",1
"This Is What Happens When A Guy Takes A Shower At Work",1
"Taylor Swift Donated $50,000 To Her Backup Dancer's Nephew With Cancer",1
"This Guy's Beautiful Portraits Will Leave You Speechless",1
"Which ""Star Wars: The Force Awakens"" Character Are You Based On Your Zodiac",1
"Are You More Of An Earthling Or An Alien",1
"This Cute Cat Makes It Hard To Leave The House",1
"These Five Sisters Did A Photo Shoot To Thank Their Parents For Paying For All Of Their Weddings",1
"23 Times Marilyn Manson Was You AF",1
"Paralympian Forced To ""Drag"" Herself Off Airplane After Being Left Onboard",1
"Which TLC Show Matches Your Zodiac Sign",1
"28 Things About Scotland That Will Surprise Everyone",1
"16 Things Hardcore Sneaker-Lovers Know To Be True",1
"21 Crock Pot Dump Dinners For Winter",1
"When You Can't Remember Names",1
"8 Fall Shows To Be Excited About, 10 To Give A Chance, And 6 To Avoid",1
"Babysitter's Porn And Dead Hamsters: What The Fuck Do You Do",1
"After Their Son Died, A Family Decided To Build A Park For Kids With Disabilities",1
"I Was A Fundamentalist Christian Until I Discovered Feminist Writers",1
"Can Your Blood Type Determine Your Personality Type",1
"When You Don't Feel Comfortable Going Home For The Holidays",1
"This Writer's Book Sold Out on Amazon Thanks To A Twitter Army",1
"21 Low-Key Things You Can Wear To Show Your Halloween Spirit",1
"What's The Best Meme About Being A Server",1
"Henry Cavill Asked Kids If They Liked Batman More Than Superman",1
"Which Christmas-Themed Horror Movie Should You Watch",1
"This Acrobatic Hoverboard Choreography To Justin Bieber's ""Sorry"" May Be The Best Thing You See",1
"These Cereal Cocktails Will Give You The Breakfast You Deserve",1
"Dear Guys, Please Immediately Stop Using Your Cell Phones At Urinals",1
"23 Wonderfully Cozy Things You Need To Bake This Fall",1
"18 Perfect Responses For When Someone Texts You ""K""",1
"Game Of Thrones Characters Drawn In ""Bob's Burgers"" Style",1
"What Happens When A Couple Reveals Their Sexual Fantasies To Each Other",1
"This Is What The ""Arthur"" Voice Actors Look Like In Real Life",1
"15 Embarrassing Situations Every Lightweight Drinker Has Been In",1
"Coming Out: 1st Time Vs. 101st Time",1
"What's The Weirdest United States Law You've Ever Heard Of",1
"17 Cards Your Valentine Will Love As Much As Kanye Loves Kanye",1
"22 Tumblr Posts That Will Make Former Emo Kids Cry With Laughter",1
"We Got Our Prostates And Testicles Examined And You Should Too",1
"Can You Identify The Dog Breed By Its Picture",1
"58 French Villages That Should Be On Your Bucket List",1
"After My Transition, I Stopped Liking Men From Gay Porn Fantasies",1
"19 Things Only Bridal Stylists Will Understand",1
"29 Perfect Gifts For Ginthusiasts",1
"These Kids Re-Enacted ""How I Met Your Mother"" And It's Cute AF",1
"We Asked Jake Gyllenhaal And Jason Clarke Who They Would Bring On An ""Everest"" Climb",1
"What's The Worst Thing To Happen To You As A Single Person At A Wedding",1
"22 Brutally Honest Confessions From A Bra Fitter",1
"21 Things You'll Just Get If You Only Wear Black",1
"33 Sneakers That Will Make You Want To Throw Out Your Heels",1
"18 Cringeworthy Moments From The First New Episode Of ""First Dates""",1
"27 Perfect Gifts For Anyone Who Loves Whales",1
"This Shape Quiz Will Determine How Perceptive You Are",1
"Here Are 20 New Photos From The Next Season Of ""Game Of Thrones""",1
"Uzo Aduba On Why We Need More Characters Like Crazy Eyes",1
"These Artists Made Tattoos Come To Life And It's Mesmerizing",1
"We Chuckled Our Way Through Laughter Yoga",1
"21 Men In Suits Making Us Thirsty As Hell At The BAFTAs",1
"Here's How To Fry Seafood At Home",1
"DJ Khaled Got Lost At Sea On His Jet Ski And Shit Got Very Real",1
"Ariana Grande Is MAC's Newest Spokesperson",1
"Are You More Of A Broadway Stage Musical Or Movie Musical",1
"Amy Poehler Is Tired Of Pretending She Likes ""Star Wars""",1
"This Beautiful Poem Will Resonate With Anyone Living In A Place They Aren't From",1
"Which ShondaLand Show Should You Actually Be On",1
"I Got Drunk With The Funeral Industry To Find Out What Happens When We Die",1
"21 Hilarious Tweets That Are Way Too Real If You Hate Doing Stuff",1
"Are You More Like Emma Swan Or Dark Swan",1
"Adele Cut Her Hair Into A Short Bob, Looks As Flawless As Ever",1
"17 Of The Most Hilarious Amazon Reviews Of 2015",1
"When You Don't Know What To Text Back",1
"This ""Star Wars"" Fan Theory About Kylo Ren Is Perfect",1
"Here's How To Save Money During The 2016 Clean Eating Challenge",1
"Are You Superstitious Enough To Turn Around After This Black Cat Crosses Your Path",1
"This Teen's Text Prank On His Parents Is A Work Of Genius",1
"Can You Guess The Artist Based On Their Hit Album Cover Art",1
"24 Breathtaking Spots You Need To Visit In Western Australia",1
"Which Fictional Couple Are You And Your Fictional Significant Other",1
"21 Tiny Fashionable Hats You Can Make For Your Cat",1
"17 Cheating Revenge Stories That Will Make You Glad You're Single",1
"Teachers, What's The Best Halloween Costume You've Ever Had",1
"This Baby Polar Bear Hitched A Ride On Its Mom's Butt",1
"How Much Of A Rap Fan Were You In 2015",1
"Are You More Like Papyrus Or Sans",1
"23 Products Everyone Who Loves To Wine Should Own",1
"21 Times Michael Ian Black's Tweets Made You Laugh Out Loud",1
"Which Version Of ""1989"" Should You Be Listening To",1
"How Well Do You Know The Lyrics To ""Stacy's Mom""",1
"This App Is The Best Thing For Comic Readers",1
"Are You More Pinky Or The Brain",1
"This Duet Cover Of Adele's ""Hello"" Will Give You Intense Goosebumps",1
"15 Words That'll Only Make Sense To ""America's Next Top Model"" Fans",1
"21 Tweets About Thanksgiving That Are Way Too Real",1
"22 Secrets Hotel Breakfast Waiters Are Supposed To Keep",1
"Which 2015 Movie Matches Your Zodiac Sign",1
"This Is How You Should Blend Your Hair With Different Weaves",1
"Do You Know The Lyrics To ""Hotline Bling"" By Drake",1
"21 Fucking Things British Women Who Love Swearing Know To Be True",1
"Viola Davis And Jimmy Kimmel Want You To Understand The Dangers Of Texting While Walking",1
"17 Polite Suggestions For Canadian Superheroes",1
"David Beckham Immortalized His Daughters Drawing With A New Tattoo",1
"19 Tweets That Will Make You Rethink Your New Years Resolutions",1
"16 Times Costco Failed So Hard It Almost Won",1
"Sascha Radetsky Looks Back On ""Center Stage"" And Ahead To ""Flesh & Bone""",1
"This Is The Worst Thing I Ever Did",1
"We Know What Popular Song You Hate Based On One Question",1
"2 Effortless Appetizers To Impress Your Guests",1
"10 Jeans Hacks To Keep Your Look On Point",1
"Here Are Magical Photos From Inside The Harry Potter Bar",1
"21 Tumblr Posts That Will Speak Directly To Your Soul During Finals Week",1
"Benedict Cumberbatch Tells Theatre Audience ""Fuck The Politicians"" After ""Hamlet"" Performance",1
"Here's What The 58 Smiley Emojis Mean, As Defined By British People",1
"This 3 Minute Christmas Hallmark Movie Is Hilarious",1
"16 Gourmet Pizzas That Put Cheese And Pepperoni To Shame",1
"Which Recent Kanye West Tweet Are You Based On Your Birth Month",1
"What's The Worst Part About Having Thin Hair",1
"This Grandma Had The Perfect Response To Finding Out Her Granddaughter Was Engaged To A Woman",1
"Here's Everything We Know About ""Game Of Thrones"" Season 6 (So Far)",1
"12 Wedding Tips For Brides With Anxiety",1
"This Emoji Test Will Determine What You Need In 2016",1
"19 Tweets About Movies That Will Make You Laugh Every Time",1
"18 Holiday Mug Cakes Worth Feasting On",1
"21 Beautiful And Unexpected Bridesmaid Dress Colors",1
"This Is What Pregnant Women Need To Wear To See ""Star Wars: The Force Awakens""",1
"How Many Scorpio Traits Do You Have",1
"A 1,000-Year-Old Skeleton Was Ripped From The Earth After A Storm Blew A Giant Tree Down",1
"I Wonder If That Woman From ""Magic Mike XXL"" Is Still In That Sex Swing",1
"15 Photos That Prove Reese Witherspoon Is Winning At Breakfast",1
"This Boston Man Yelling At A ""Sea Monstah"" Is The Best Thing You'll See Today",1
"What's The Funniest Reason You've Cried While Drunk",1
"Miley Cyrus Freaks Out Over Phone Call From Hilary Duff In Throwback Interview",1
"21 Photos Anyone Who Has Been Drunk AF Will Relate To",1
"22 Times Someone Fucked Up And Hoped No One Would Notice",1
"This Driving Quiz Will Determine If You're Actually From Los Angeles",1
"28 Insanely Awesome Gifts For The Coolest Geek You Know",1
"13 Valentine's Day Cards For Gay Men",1
"Can We Guess Your Age With Ridiculous Questions",1
"24 Pictures That Show 2016 Is Off To A Terrible Start",1
"12 Things You Probably Didn't Know About Happiness",1
"27 DIY Jewelry Projects That Are Actually Easy",1
"20 Tweets That Capture The Internet's Reaction To Salman Khan Being Acquitted",1
"I Literally Can't Tell The Difference Between Nolte And Busey",1
"21 Struggles Of Being An Attractive Person",1
"Literally Just 21 Mr Burns Quotes On Pictures Of Donald Trump",1
"25 Pictures That Are True For Absolutely No Good Reason",1
"How Well Do You Know The Lyrics To ""Hakuna Matata""",1
"Why We Should All Team Up And Fight Santa",1
"No Additional Episodes Of ""Making A Murderer"" Have Been Made Yet",1
"21 Things Everyone Who Wears Uggs In 2016 Will Relate To",1
"What New Book Should You Read This Winter",1
"What's Your Fall Romance Forecast",1
"We Know Who You Want For Christmas Based On Your Zodiac Sign",1
"Matthew McConaughey Doesn't Look Like This Any More",1
"15 Vagina Horror Stories That'll Send Shivers Down Your Spine",1
"36 Animal Moments That Changed The World In 2015",1
"Someone Made An ""In-N-Out Pie"" And It Is A Beautiful And Revolting Mess",1
"10 Delicious Recipes That Are Made With Coconut Milk",1
"Transgender Teens Get Emotional Speaking To Their Future Selves In This Powerful Video",1
"What Job Should You Have Based On Your Zodiac Sign",1
"31 Important Mental Health Tips You Should Try Right Now",1
"What's The Most Underrated Place To Get Cute Clothes For Work",1
"21 Confessions From People Who Can't Put Their E-Books Down",1
"Are You More Sherlock Holmes Or Doctor Who",1
"Are You More Demi Lovato Or Miley Cyrus",1
"21 Tumblr Posts That Are Way Too Real For All Uni Students",1
"For Anyone Who Thinks Drunk Food Is The Best Part Of Going Out",1
"18 Things That Happen When You're A Gay Fresher",1
"31 Songs That Are Turning 10 Years Old In 2016",1
"22 Reasons We Still Weren't Ready For Hoverboards In 2015",1
"These Photos Of Kids Freaking Out With Santa Will Make You Laugh",1
"This Adult Coloring Book Will Have You Screaming Where Are My Crayons?!""",1
"If Twentysomethings Solved Their Problems Like Video Game Characters",1
"36 Crazy Gifts That Any Miyazaki Lover Will Go Nuts Over",1
"This New Movie May Be The Best Use Of 3D Ever",1
"The Little Prince Trailer Will Make You Feel All Your Feelings",1
"14 Confessions Of An Indian Drag Queen",1
"If ""High School Musical"" Song Titles Were Honest",1
"Kate Winslet Has Criticised Actresses For Speaking Publicly Against Pay Inequality",1
"Salted Coffee: Is It Less Bitter",1
"Which ""AHS"" Character Are You Based On Your Choice Of Cake",1
"Nicki Minaj's Latest Selfie Comes With An Amazing Inspirational Message",1
"The Summer The Movies Started Treating Women Like People",1
"19 Pictures That Won't Make Sense Unless You're An Older Sister",1
"What's Your Craziest Bachelorette Party Experience",1
"What Are The Best Video Games Of All Time",1
"Do You Know Why These Teens Are Famous",1
"15 Words That Mean Something Entirely Different To Women",1
"The 9 Celebrities Discover Their Inner Princess Puzzle",1
"When You Text Your Ex",1
"23 ""Parks And Rec"" Questions That Are Impossible To Answer",1
"The Hottest Socks In Tech",1
"We Know Your Favorite TV Show Based On Your Birth Month",1
"14 Texts All Ride Or Die Friends Send",1
"When You Don't Want To Go To Therapy",1
"These Minimalist Illustrations Are Actually Mind-Blowing Optical Illusions",1
"A Couple Did A Stunning Photo Shoot With Their Baby After Learning She Had An Inoperable Brain Tumor",1
"The 19 Greatest Animal Hugs From 2015",1
"13 Things I Learned When I Decided To Start Eating Vegetables",1
"Can You Identify The Elements From Their Periodic Symbols",1
"19 Soul Food Recipes That Are Almost As Good As Your Mom's",1
"Sarah Paulson Solidified Her Iconicness During Her Red Carpet Interview At The Emmys",1
"Are You More Laura Or Carmilla",1
"Can You Tell Who These Model's Famous Parents Are",1
"16 Young Indians You Should Watch Out For In 2016",1
"An 18-Year-Old Instagram Star Says Her ""Perfect Life"" Was Actually Making Her Miserable",1
"18 Things You Should Never Do When Applying Makeup",1
"Find Your Next Healthy Recipe With The BuzzFeed Food Newsletter",1
"Should You Marry Kylo Ren Or Finn From ""Force Awakens""",1
"How To Make Mini Nutella Pizzas",1
"What Does Your Birthday Say About You",1
"They Pretend To Be Us While Pretending We Don't Exist",1
"35 Very Important Questions I Need Yoshi To Answer Right Now",1
"19 Ways You Know You're Friends With A Teacher",1
"Weird Things You Do When You Have A Secret Crush",1
"13 Weirdly Random Things Indians Have Uploaded To Porn Sites",1
"21 Last-Minute Gifts That Are Actually Thoughtful",1
"Can We Guess What You Look Like From These 10 Questions",1
"15 Things Sex Therapists Really Want You To Know",1
"Kids Explain Some Lessons We Probably All Need To Hear",1
"25 Indie Albums That Are Still Amazing 10 Years Later",1
"35 Awesome Reasons To Visit Denver, Colorado",1
"20 Times Olivia Wilde Was The Realest Person On Twitter",1
"You Will Go Nuts Looking For Chewie In These Drawings",1
"Jessie J Sang Little Mermaid's ""Part Of Your World"" And It's Insane",1
"11 Steamy Lyrics That Will Make See You Selena Gomez In A New Light",1
"This Ad Just Might Feature The Cutest Use Of Spanglish Ever",1
"Katy Perry Wasn't Allowed To Read ""Harry Potter""",1
"Which Classic Rock Band Are You Based On Your Birthstone",1
"14 Songs From The Early 2000s That Are Now Modern Day Christmas Classics",1
"Here's What It Looked Like Behind The Scenes Of ""Fuller House""",1
"What's Your Actual Name Based On Your Birth Month",1
"If Ashley Madison Passwords Were Motivational Posters",1
"I Used To Be An Alcoholic. Now I'm A Stoner Who Has A Drink Sometimes",1
"6 Struggles Only Atheists Understand",1
"The Definitive Ranking Of Ellie Goulding's Music Videos",1
"People Mash Up Various Fast Foods To Create The Ultimate Food",1
"Disney Villains Reimagined Without Makeup",1
"31 Insanely Adorable Products That Will Make Your Life Easier",1
"Are You Netflix Or Are You Chill",1
"29 Italian Dishes Everyone Should Know",1
"What's The Absolute Laziest Thing You've Ever Paid For",1
"Tell Us Why You Take Medication For Your Mental Health",1
"This Guy Saw The U.S. For Under $500 And You'll Want To Copy His Trip",1
"Can You Name These Movie Production Companies Based On Their Logos",1
"Canadians In The Prairies Are Cracking Jokes Because It's Laughably Cold",1
"This Incredible Makeup Artist Can Transform Herself Into Anyone And Anything",1
"My Long, Exhausting Summer Of Street Harassment Is Over",1
"Are These Pills Grey Or Red And Blue",1
"13 Women Show Off The Shoes They Feel Sexiest In",1
"This Man Decided To Put ""Jet Fuel Can't Melt Steel Beams"" Conspiracy Theory To The Test",1
"27 Animals Hilariously Embodied What It Means To Be Human",1
"If DJ Khaled Snapchat Quotes Were Motivational Posters",1
"18 Genius Ways To Eat Cheese For Every Meal",1
"20 Times ""Civilization V"" Made You Act Uncivil",1
"We Need To Discuss How Kendall Jenner Is The Most Flawless Human At New York Fashion Week",1
"18 Insanely Delicious Ways To Make Chocolate Chip Cookies",1
"23 NYC Area TV Ads From The 80's That Will Turn You Into A Kid Again",1
"Here's The One Trick Literally Everyone Uses When They Forget Someone's Name",1
"Jared Leto Poses As The Joker For ""Empire"" And He Looks Amazing",1
"This is The Coolest Goddamn Owl You Will See Today",1
"What's The Funniest Reason You've Cried While On Your Period",1
"For Everyone Who Goes To Ikea For The Food",1
"Hey Apple, We Still Need To Talk About Your Chargers",1
"How Many Of These Classic Coming-Of-Age Movies Have You Seen",1
"Which Blonde HBIC Are You",1
"21 Puns So Bad You Can't Help But Laugh At Them",1
"We Know Your Hogwarts House Based On The Things You Hate",1
"What's The Biggest Thing You Want To See From The ""Gilmore Girls"" Revival",1
"Kendall Jenner Was Super Excited To Be On DJ Khaled's Snapchat",1
"Jacob Tremblay's Dad Is Dad AF",1
"These Award Winning Photos Of Wild Animals Are Hilarious",1
"22 Autumn Scarves That Are Better Than A Boyfriend",1
"Girls Try Tinder For The First Time",1
"Tell Us About A Time You Literally Shat Your Pants",1
"This Penguin Couple Had A Better Valentine's Day Than You",1
"19 Signs You're The Mum Of Your House",1
"17 Depressingly Real Struggles Of Dating In Generation Text",1
"27 Insane Pizza Mashups You Need Right Now",1
"19 Reasons Brazil Is Still The World's Favourite Team",1
"26 Pros And Cons Of Living With Your Significant Other",1
"7 Ways To Style Your Braids If You Suck At Hair",1
"What Type Of British Person Are You",1
"Ellie Goulding Has A New Hair Do And It's Pretty On Fire",1
"19 Painfully Honest Cards For Your Very Human Valentine",1
"18 Ways To Bring More Sandwiches Into Your Life",1
"What Would Your ""Harry Potter"" Wand Be Made Of Based On Your Zodiac",1
"Kylie Jenner Was The Most Liked Kardashian-Jenner On Instagram In 2015",1
"Are You Going To Be A Third Wheel Forever",1
"There's A Hidden Cards Against Humanity Card And People Are Just Finding It",1
"This Heartwarming Photo Captured The Moment A Woman Bought Food For A Homeless Stranger",1
"28 Delightful Free Phone Wallpapers That'll Make You Smile",1
"Gigi Hadid Silencing Her Body Shamers Will Give You Life",1
"15 Brilliant And Creative Ways To Use Spaghetti Squash",1
"How Well Do You Remember ""Firefly""",1
"This Body Cam Footage Shows A Vehicle Plow Into A Cop Car Head On",1
"The 19 Worst Superheroes Of All Time",1
"23 Hilarious Tweets About Being A Grown-Ass Adult",1
"This Mom Shared What Her Body Looked Like Just 24 Hours After Giving Birth",1
"Women Were Given A Self-Love Beauty Routine And It Changed Everything",1
"Which NYC Neighborhood Should You Live In Based On Your Zodiac",1
"Cat Lovers Get Surprised By A Box Of Tiny Kittens And Lose Their Minds",1
"18 Lol-Worthy Tumblr Posts About Books",1
"12 Crazy Delicious Recipes To Feed Your Avocado Obsession",1
"What Type Of Themed Party Should You Throw In 2016 Based On Your Zodiac",1
"How Well Do You Really See Different Shades Of Red",1
"19 Things That Won't Make Sense To Non-Twins",1
"Are You More Like Howard Or Raj From ""The Big Bang Theory""",1
"Can We Guess Your Favorite Disney Princess Based On Your Fave App",1
"Black Friday Shopper Camps Out For Entire Week, Is Not Fucking Around",1
"This Has To Be The Craziest Illusion Ever",1
"Which Hogwarts Houses Do These Recent ""Doctor Who"" Characters Belong In",1
"10 People Who Lost 50+ Pounds Share Their Best Tips For Getting Started",1
"We Need To Talk About How Sad Puffins Look",1
"Can We Guess Your Personality Based On Your Froyo Order",1
"Jennifer Lawrence, Josh Hutcherson, And Liam Hemsworth Prove True Friendship Love Exists",1
"Which ""Scandal"" Character Are You Based On Your Zodiac",1
"44 Completely Unreasonable Things Everyone Thinks When They Have A Crush",1
"18 Animals So Weird They're Probably Fake",1
"21 Times Idris Elba Gave You Life",1
"Depending On How You Look At It Scientology Had A Great Year",1
"18 Times People Took Their Modi Obsession Too Damn Far",1
"How Much Of A Whovian Are You",1
"A Line Of Studio Ghibli Clothing Just Dropped And It's Magical",1
"This Word Search Test Will Reveal A Deep Truth About You",1
"Which Heroine From A Video Game Are You",1
"19 Pictures That Will Teach You Something For Once In Your Life",1
"The 50 Most Hauntingly Beautiful Photos From ""The X-Files""",1
"Justin Bieber Admits He Still Loves Selena Gomez",1
"This Sorting Hat Quiz Tells You The House You Definitely Wouldn't Be In",1
"Supreme Is Tight But Maybe Not These Hoodies With Hentai On Them",1
"22 Hilarious Tweets That Prove Grindr Was At Its Worst In 2015",1
"11 People Who Look Strikingly Similar To Leonardo DiCaprio",1
"27 Brilliant Books You Must Read This Winter",1
"Gus Kenworthy's Instagram Photos Are So Good, He Might Have Second Career As A Photographer",1
"Aziz Ansari's ""Master Of None"" Nails Race Perfectly",1
"21 Secrets People Who Hate Having Sex Won't Tell You",1
"Mid-'00s Chris Pratt Was The Best Chris Pratt And Here's Why",1
"21 Times You Instantly Fell In Love With Kendall Jenner",1
"The Cookie Heist",1
"Can You Solve This Crossword About Farts",1
"25 Mouthwatering Ways To Use Maple Syrup",1
"We Know What You Actually Want For Christmas Based On Your Zodiac Sign",1
"Here's Why Diwali Carols Should Be A Thing",1
"26 Ingenious Products That Will Literally Light Up Your Life",1
"21 Chocolate And Booze Combinations That Are Better Than A Valentine",1
"Are You More Of An Old Or Young Soul Based On Your Zodiac",1
"The Only Way To Ask For A Tampon",1
"21 Of The Most Hilarious Things People Have Done While High",1
"19 Small Changes That Actually Helped People Lose Weight",1
"Guy Friends Get Naked And Bare All",1
"21 Of The World's Most Powerful People As Youngsters",1
"This Awesome Dad Built A Backyard Course For His 3-Year-Old Who Loves ""American Ninja Warrior""",1
"18 Differences Between Snow Days In Canada And America",1
"13 Cute And Easy Ways To Style Natural Hair For A Party",1
"These Straight Men Asked Gay Men Questions About Life And Sex",1
"This Pug Dog Rollin' On His Motorcycle Gives Zero Shits",1
"Can You Identify The 2015 Music Video By Its YouTube Comment",1
"WTF Would You Do If Your Kid Said F*ck",1
"20 Sex Toys You And Your Partner Will Actually Use",1
"Which New Pop Singer Should You Obsess Over",1
"18 Fixes To Small Problems That Are Annoying AF",1
"FKA Twigs Radiates Power On The Cover Of ""Paper,"" Loves Cake",1
"Indian Redditors Responded PERFECTLY To A College's Alleged List Of Bizarre Rules For Females",1
"21 Times ""The Tonight Show Starring Jimmy Fallon"" Totally Owned 2015",1
"Kanye West Allegedly Paid His Models $100 For A 10-Hour Workday",1
"14 ""Game Of Thrones"" Moments Improved By ""Star Wars"" Quotes",1
"29 Pictures That Will Give You Severe Flashbacks To The Late '90s And Early '00s",1
"31 Things To Make When Nothing Is Spicy Enough",1
"Can You Make It Through This Quiz Without Dying",1
"What Girls Do On Instagram",1
"The Most Annoying Parts Of Halloween",1
"I Finally Bought An Amazon Echo And This Is What Happened",1
"25 Hottest TV Sex Scenes Of 2015, Ranked From Worst To Best",1
"24 Reasons Why Netflix Is The Most Important Thing In Your Life",1
"18 Pugs Who Forgot Very Important Things",1
"Paul Rudd, Seth Rogen, And Amy Schumer Are All In One Hilarious Super Bowl Commercial",1
"18 Unforgettable Ways To Pizza-Tize Your Superbowl Party",1
"When You Fart At Work",1
"15 Fab Little Gifts Your Reddit Secret Santa Will Love",1
"15 Things People Are 100% Sure About Until They Have Kids",1
"Take This Quiz To Make Your Brain Orgasm",1
"The Hardest Queen Elsa Quiz You'll Ever Take",1
"32 Questions We Have Every Time We Watch ""Fixer Upper"" On HGTV",1
"21 Things You'll Only Understand If You're A Girl Who Hates Feelings",1
"17 Hilarious Tweets About Flying That Will Make You Laugh Out Loud",1
"Indian Women Are Never Taught How To Be Alone, And That's A Problem",1
"Please, Everyone, Stop Saying ""Squad Goals""",1
"This 3-Year-Old Knows Way More About The Periodic Table Than You",1
"21 Truths Dev And Rachel Taught You About Love On ""Master Of None""",1
"28 Things All ""It's Always Sunny In Philadelphia"" Fans Will Laugh At",1
"This Artist Painted Lin-Manuel Miranda's ""Hamilton"" On A Ten-Dollar Bill",1
"What Natural Disaster Do You Fuck Like",1
"Rihanna Released A New Song But The Internet Can't Understand The Words",1
"Do You Trust Your Friends",1
"Are You More Like Zoe Or Joe Sugg",1
"Chris Hemsworth Thinks It's Funny That Paparazzi Thought He Was Michael Fassbender",1
"27 Incredibly Wonderful Products For People Who Love Fall",1
"Which ""10 Things I Hate About You"" Guy Should You Date",1
"Can We Ask You A Really Weird Question",1
"Guess The Pixar Character Based Only On Images Of Their Eyes",1
"17 Women Whose Pin-Up Hair And Makeup Will Make You Want To Turn Back Time",1
"25 Important Lessons We Learned From ""The O.C.""",1
"Which Famous Movie Sidekick Are You Based On Your Zodiac",1
"20 Reasons Marty McFly Is The Flyest Guy",1
"How King Bach Dominated Vine",1
"What's The Weirdest Thing You've Gotten While Trick-Or-Treating",1
"There's A Hot Tub Full Of Beer In Austria And You'll Get Drunk Just Looking At It",1
"Here's How To Use The New Naked Palette If You Suck At Eyeshadow",1
"11 Horrifyingly Cute Halloween Emojis",1
"Which ""Buffy"" Episode Should You Watch Based On Your Mood",1
"11 Stats That Put Wayne Rooney's 50 Goals Into Perspective",1
"What's A Quote Or Lyric That Best Describes Your Depression",1
"Tell Us About Yourself(ie): Rob Delaney",1
"How Much Do You Actually Know About Art History",1
"The Meaning Of Life, According To 19 Normal People",1
"21 Embarrassing Liz Lemon Moments That'll Make You Feel Better About Your Own",1
"21 Things That Happen When You Get Drunk With Your Colleagues",1
"19 Times Gizmo The Griffon Won Instagram In 2015",1
"This Week's ""Showstopper"" Bake Off Was One Of The Most Nervewracking Television Moments This Year",1
"Listen To This Incredible Isolated Vocal Of David Bowie Singing ""Starman""",1
"15 Times Musicians Made It Really Hard To Concentrate On The Music",1
"We Know How You Should Spend Your Valentine's Day Based On Your Favourite Justin",1
"Can You Really Match A Shirt And Tie",1
"12 Reasons To Relive T. Swift's ""1989"" Tour As Many Times As Possible",1
"24 Relationship Problems That Are Too Real For People WIth Anxiety",1
"Taraji P. Henson Responded Perfectly When Her Golden Globes Speech Was Almost Cut Short",1
"Being In A Relationship During The Holidays: Expectations Vs. Reality",1
"23 Stock Photos That Are Better Than A Personal Trainer",1
"19 Reasons Why Low Power Mode Is The Best Thing Ever",1
"A Minute With Kendall Jenner And Her Wax Figure",1
"Summer Is Officially Over Forever When You Find Out That White Sand Beaches Are Made Of Fish Poop",1
"50,000 People Have Visited This Uber Parody Website That Lets You ""Hire A Hitman""",1
"Four Hollywood Icons On What Made Them Proud To Be A Woman In 2015",1
"Can You Remember The Lyrics To ""One Week"" By Barenaked Ladies",1
"We Can Tell Where You Live Based On One Question",1
"This Instagram Account Satirizing Fancy Dining Is Actually The Work Of A Canadian Chef",1
"17 Things Zac Efron Wore In ""High School Musical"" Ranked",1
"14 Duets That Prove Two Voices Are Better Than One",1
"How To Never Fuck Up Your Poached Eggs Again",1
"We Tried Five Weeks Of Ballet Fitness And This Is What Happened",1
"Robert Pattinson Thought His ""Twilight"" Character Was ""Suicidally Depressed""",1
"27 Stunning Reasons To Get A Tim Burton Tattoo",1
"Little Mix Just Shut Down Body-Shamers In The Most Perfect Way Possible",1
"Can You Identify What Chocolates These Were Before We Smashed Them",1
"11 Adorable Dogs Who Don't Want You To Burst Any Crackers This Diwali",1
"If ""Love Actually"" Had Been Set In Cardiff",1
"18 Of The Laziest Employees You Will Ever Meet",1
"15 Ways To Not Be A Terrible Person",1
"Tell Us About The Life-Changing Product That Helped Your Adult Acne",1
"10 Leftover Makeovers You Won't Believe",1
"Here's What You Should Know About Kate DiCamillo's New Novel",1
"Kanye West Auditioned For ""American Idol"" This Weekend",1
"23 Things You'll Understand If You're Slightly Obsessed With Michaels",1
"21 Women Who Can Teach You How To Slay",1
"The 17 Most Important Welsh Things That Happened In 2015",1
"Britney Spears Regrammed A Picture Of The Best Halloween Costume",1
"Blake Lively And Ryan Reynolds Fell In Love On A Double Date With Other People",1
"17 Things You Need To Know Before You Meet Your New Bae's Kids",1
"23 Times Eating Eggnog Was Better Than Drinking It",1
"This Is What Being On Tumblr Before 2011 Was Like",1
"11 Shibas Who Would Please Like You To Go On",1
"The ""Friends"" Cast Gave A Special Shout-Out To Matthew Perry",1
"20 Cavity-Inducing Snacks That You'd Beg Your Mom For In Elementary School",1
"16 Beautifully Curated Vacation Rentals That Are Perfect For Design Lovers",1
"Can You Identify The Disney Character By Just Their Eyes",1
"15 Of The Most Expensive Pictures In The World",1
"16 Magical Pumpkins All ""Harry Potter"" Fans Need To See",1
"21 Pictures People Who've Never Had A Period Won't Understand",1
"See James Bond's Style Evolution Over 60 Years",1
"18 Celebrity Snapchat Accounts That'll Change Your Snap Life",1
"This Is The Best Guy Fieri Vine Of All Time",1
"The 5 Official Stages Of Canadians Accepting That Winter Is Coming",1
"The Toughest Game Of ""Would You Rather"": Hot Guys Vs. Grilled Cheese",1
"How Intensely Michigan Are You",1
"12 Low-Carb Bowls Of Soup That'll Warm Your Soul This Fall",1
"This Is What Breastfeeding Really Looks Like",1
"55 Things That Slightly Infuriate Londoners",1
"Are You The Fox Or The Hound",1
"This Selfie Of Mindy Kaling Wearing Pimple Cream Is All Of Us",1
"Spike Surprises Fans",1
"32 Strangely Beautiful Pictures Of NYC In The 1970s",1
"Which Hogwarts Houses Do These ""Sherlock"" Characters Belong In",1
"Kendall Jenner And Gigi Hadid Are No Longer Kind Of Almost Related",1
"This Is What Happens When You Marry A Brownie And A Cookie In The Oven",1
"The Cast Of ""It's Always Sunny In Philadelphia"", Then Vs Now",1
"53 Thoughts Every Girl Has While Getting Her Eyebrows Threaded",1
"A Mountain Lion Just Climbed A Utility Pole In California And Stayed There",1
"31 Fall Wedding Ideas You'll Want To Try Immediately",1
"28 Photos That Prove We're Living In The Darkest Possible Timeline",1
"18 Ultra-Personalized Gifts To Keep For Yourself",1
"We Need To Talk About Selena Gomez At The Victoria's Secret Fashion Show",1
"What Would Your ""Game Of Thrones"" Name Be",1
"Which Badass Witch Are You Based On Your Birth Month",1
"The Mona Lisa Just Turned Down Cara Delevingne For A Date",1
"The Horrible Truth About Bagels",1
"Are You More Bailee Madison Or Hailee Steinfeld",1
"The Hardest Football Stadium Quiz You'll Take Today",1
"Is There Any Disney Prince Hotter Than Aladdin",1
"A Friendly Reminder That The Biggest A-Hole On Television Is Canadian",1
"19 Painful Confessions About Being An Artist",1
"What's The Most Shocking Way You've Injured Yourself",1
"Parents Text With Emojis For The First Time",1
"This Gorgeous Former ANTM Contestant Is About To Change The Damn Game",1
"Which Rejected Love Interest From ""The O.C."" Should Be Your Boyfriend",1
"7 Essays To Read: Smoking To Get Sober, Asian Pseudonyms, And Loneliness",1
"Can We Guess How Much You Owe In Student Loans",1
"21 Reasons Daniel Norris Is Absolute Human Perfection",1
"21 Reasons There Will Never Be Another Abby Wambach",1
"We Know Your Favorite Food Based On Your Favorite Chrissy Teigen",1
"Which Quentin Tarantino Leading Lady Are You",1
"7 Bizarre Facts You Didn't Know About This Week In History",1
"The 26 Best Drake Memes That Have Ever Existed",1
"People Try Activated Charcoal Drinks",1
"How Brave Are You, Actually",1
"25 Times ""10 Things I Hate About You"" Made You Fall Madly In Love",1
"21 Steps To A Rich And Successful Life, As Told By ""The Sims""",1
"19 Things All Families With Only Three People In Them Know",1
"This Lingerie Model Was Born Without Legs And Uses A Skateboard To Get Around",1
"8 Of Your Worst Questions, Answered With Science",1
"Do Bangs Make These Celebrities More Bangable",1
"19 Texts That Are Way Too Real For Anyone Who's A Little Bit Greedy",1
"We Know Who You Should Date, Based On Your Favorite Color",1
"Couples Try Striptease With Each Other For The First Time",1
"We Asked 12 Scientists How Their Faith Affects Their Work",1
"If The Characters On ""Jessica Jones"" Looked Like They Did In The Comics",1
"Rebel Wilson And Dakota Johnson Answer Your Dating Questions",1
"59 Terrifyingly Real Nightmares All New Yorkers Share",1
"21 Amazing Gifts For People Who Are Totally Obsessed With Their Hair",1
"Lucky Charms Ice Cream Cake",1
"This 4 Question ""Gilmore Girls"" Quiz Will Determine What Kind Of Coffee Drinker You Are",1
"Are You Going To Get Married In 2016",1
"Malala Yousafzai Is Pretty Much Good At Everything",1
"SNL Mocked The Overwhelming Whiteness Of Hollywood Awards",1
"11 Tragic Everyday Disappointments",1
"We Need To Talk About The Truly Iconic Naomi Clark From ""90210""",1
"9 Fanfiction Pairings We Ship Even Harder Around Valentines Day",1
"Steve Jobs Turns Apple's Founder Into A Fascinating Jerk",1
"Which Halloween Candy Matches Your Zodiac Sign",1
"17 Bunnies For All The Sad People Out There",1
"Thoughts You Have While Waiting For A Date",1
"8 New Types Of Goth That Are Better Than Health Goth",1
"This Blog Full Of Hairy Ball Landscapes Will Make You Want To Gouge Your Eyes Out (NSFW)",1
"Taylor Swift Should Actually Dye Her Hair Dark Brown",1
"7 Disney Princesses Drawn As Fast As Possible",1
"19 Songs That Are Actually Fuckboy Anthems",1
"A Man Named ""Phuc Dat Bich"" Posted His Passport Photo To Facebook After Being Banned Multiple Times",1
"17 Things Humanity Ruined In 2015",1
"44 Perfect Songs To Listen To While You Write",1
"The Danger Of True Stories Becoming Quirky Indie Dramedies",1
"I Returned To My Childhood Mall And Found A Nightmare",1
"Do You Remember The Names Of These ""Full House"" Characters",1
"How ~Deep~ Are You",1
"We Know Whether Your Relationship Status Will Change This Year",1
"Are These Quotes From ""Home Alone"" Or ""Home Alone 2""",1
"17 Lohanthony Tweets That Will Speak To Your Soul",1
"25 Delicious Bite-Size Treats Made With Wonton And Egg Roll Wrappers",1
"Couples Who Met On Dating Apps Look Back On Their Very First Messages",1
"A New Mom Woke Up From Her Coma After She Heard Her Baby Cry",1
"This Heart Test Will Determine What Kind Of Romantic You Are",1
"You Totally Forgot About These YTV Shows From The '90s",1
"All The ""Star Wars"" Fan Art You Didn't Know You Needed",1
"17 Weird, Gross, Hilarious Things Everyone On Their School Football Team Did Together",1
"Harry Potter And The Cursed Child Tickets Have Gone On Sale And People Are Losing Their Shit",1
"These People Go On A Bar Crawl To Find The Best Nachos In LA",1
"7 Inanimate Objects That Are Actively Plotting Against Us",1
"Meet The Sikh Rapper Looking To Change The World Through Hip-Hop",1
"These People Tried To Figure Out Where Max And Ruby's Parents Are",1
"'90s Pop Culture References Your Kids Will Never Understand",1
"This Dog And Baby React The Same Exact Way To Daddy Coming Home",1
"22 Things Your Sarcastic Inner Voice Wants To Say",1
"21 Feelings Everyone Who Has Ever Stepped Foot In A School Knows",1
"I Wore Skirts For A Week As A Man And This Is What Happened",1
"Kelly Clarkson's ""Game Of Thrones"" Christmas Card Just Snatched The Holiday Throne",1
"There Was A Mini ""Sisterhood Of The Traveling Pants"" Reunion",1
"A Black Body On Trial: The Conviction Of HIV-Positive ""Tiger Mandingo""",1
"This Photo Series Shows How Instagram Photos Of India Can Hide The Big Picture",1
"Did Anyone Else Notice Visible Penis In ""The Martian""",1
"Would You Make It To The Final Rose Ceremony On ""The Bachelor""",1
"Getting A Phone Call In 2016",1
"There's No Shortcut To Making A Mouthwateringly Delicious Curry",1
"10 Guy Fieri Valentines Guaranteed To Get You Some Triple D",1
"This Guy Spent Over 25 Years Taking Photos Of Himself With Celebrities As An Art Project",1
"Can We Talk About How Creepy The Hug Emoji Is",1
"This Is The Hardest ""Divergent"" Quiz You'll Ever Take",1
"19 Slightly Deranged Things You Did When You Had A School Crush",1
"You Need To Try This Bagel Grilled Cheese Immediately",1
"Choose Your Path To See If You Can Survive The Fire Swamp From ""The Princess Bride""",1
"12 Filthy French Euphemisms, Translated Literally",1
"Serious Question: Did Reese Witherspoon Give Birth To Herself",1
"19 Things That Will Warm Even The Coldest, Deadest Heart",1
"21 Awesome Holiday Things You Can Actually Find At Target",1
"20 Of The Most Overcrowded, Anxiety-Inducing Places In The World",1
"16 Things Dudes Need To Stop Wearing In 2016",1
"23 Confessions Abercrombie & Fitch Employees Won't Tell You",1
"17 Of The Greatest Supermarket Substitution Fails Of 2015",1
"It's Time We Realize Britney Spears Is Actually God",1
"27 Of History's Most Iconic Rock Stars As Youngsters",1
"19 Heartbreaking Confessions About Being Addicted To Instagram",1
"13 Struggles Of Waiting For Halloween To Arrive",1
"Does Your Family Have Embarrassing Terms For Bathroom Stuff",1
"This Woman Has Created Every Amazing Food Pun In The Universe",1
"Avril Lavigne And Nick Carter Released A Single And It's A Pop Dream",1
"See The World Through The Eyes Of A Legally Blind Man",1
"Can We Guess Your Personality Based On Your Favorite Dog",1
"Are You A Chip Or Joanna From ""Fixer Upper""",1
"A Group Of Chennaiites Formed A Human Chain To Help Someone Trapped By The Floods",1
"This Fake Trailer For A Haunted Bro Movie Is Actually Terrifying",1
"Serious Question: Is This Nicolas Cage Or Scrooge",1
"These Three Questions Will Tell You What Disney Movie You'd Star In",1
"Watch These Couples Kiss In Slow Motion And Get Sexually Awakened",1
"17 ""The West Wing"" Trivia Questions Only True Fans Will Be Able To Answer",1
"13 Animals Who Are Way More Gangster Than You",1
"We Know How You Feel About Astrology Based On Your Sign",1
"Here's What Happens When You Make Cookies With Potato Chips",1
"We Know What Hair Color You Need To Rock This Fall",1
"All The Looks From The 2016 People's Choice Awards",1
"Here's How To Actually Start Exercising Again",1
"A Little Girl Had A Total Meltdown After Her Dad Told Her She Doesn't Have A Boyfriend",1
"Can You Identify These Lush Bath Bombs",1
"Here's How To Make Your Own Bracelet",1
"Days Until The 2016 Election Put In Perspective",1
"23 Tweets About Lawyers And Trials That Will Make You Laugh Out Loud",1
"Hugh Jackman Thinks Tom Hardy Should Be The Next Wolverine",1
"16 Magical Ways To Cook Your Thanksgiving Turkey",1
"The New Trailer For ""X-Men: Apocalypse"" Is Honestly Next-Level Insane",1
"Are You More Emotional Or Logical",1
"23 YA Novels From The '00s Everyone Will Recognize",1
"Toronto Opened A Nutella Cafe And People Are Going Hazelnuts",1
"20 Christmas Dachshunds Who Are Totally Ready For The Holidays",1
"22 Impossible ""Who Wore It Best"" Questions For Animal Lovers",1
"Which Disney Villain Song Should Be Your Anthem",1
"How Well Do You Remember Missy Elliot's Rap In ""1, 2 Step""",1
"This Physicist Shot Himself Underwater To See What Would Happen",1
"This Facebook Post About A Love Story From The 1970s Has Gone Massively Viral",1
"Where Is The Best Taco You've Ever Had In Your Life",1
"18 Apple And Honey Recipes That Will Impress Your Jewish Grandma",1
"Can You Guess Which Celeb Made This Art",1
"48 Books You Need To Read In Your 30s",1
"18 Things Any Girl The Same Height As Her Boyfriend Knows",1
"How Well Do You Really Know The ""Harry Potter"" Movies",1
"People Are Changing One Consonant In Movie Titles To Ruin Them And It's Hilarious",1
"Scott Pilgrim Is The Greatest Movie Ever And If You Disagree You're 100% Wrong",1
"This Cat Spent 17 Years As A ""Rodent Control Officer"" Aboard A Famous Ship",1
"This Touching Photo Of A Bride And Her Service Dog Is Going Viral",1
"Football Vs. Wife: Which Do You Know Better",1
"18 Of The Greatest Photos To Have Taken Place Inside A Photo Booth",1
"Lesbian Bride Of Frankenstein",1
"18 Things People Who Live Alone Will Never Understand",1
"Which X-Men Character Are You Based On Your Zodiac Sign",1
"Which Weasley Should Be Your Best Friend",1
"21 Photos That Are Too Real For Indecisive People",1
"Can You Match The Boy To His Boy Band",1
"One Direction's Louis Tomlinson Called A Reporter A ""Little Shit"" During An Interview",1
"How Full Of Christmas Cheer Are You",1
"A Young George Clooney Almost Got Brad Pitt's Part In ""Thelma And Louise""",1
"America Ferrera and Eva Longoria Perfectly Captured What It's Like To Be A Famous Latina",1
"If I Could Speak To My Mental Disorder",1
"25 Signs BodyPump Is Rapidly Taking Over Your Life",1
"These Ingenious Lego Hacks Will Finally Help Math Make Sense",1
"People Try Bizarre Candy Canes",1
"29 Celebrities In 2006 Compared With Now",1
"Zendaya's ""Star Wars"" Red Carpet Look Is Holiday Party Goals",1
"How Many Of These Black Sitcoms Have You Seen",1
"27 Big Things People Are Letting Go Of This Year",1
"What's Your Absolute Favorite Song To Sing At Karaoke",1
"Should You Get A Puppy Or Have A Baby",1
"18 Notable Butts In Bosch's ""Garden Of Earthly Delights""",1
"These Three Questions Will Tell You Which Makeup Brand To Use",1
"Marshall Eriksen's Best 25 Quotes On ""How I Met Your Mother""",1
"19 Reasons Why No One Should Ever Play Video Games On A PC",1
"14 People Who Accidentally Cockblocked Themselves",1
"15 AIM Struggles All '00s Teens Will Remember",1
"Who Said It: Tyrion Lannister Or Ron Swanson",1
"19 Absolutely Stunning Make-Up Looks To Try This Autumn",1
"The Last Movie Scenes Of Famous Actors Before Their Untimely Deaths",1
"27 Hotties From YA Novels Who'll Make You Thirsty AF",1
"21 Photos Short Girls Will Definitely Relate To",1
"We Know Which ""Elder Scrolls"" Race You Are Based On How You Play ""Skyrim""",1
"What Year Is This Celebrity Headline From",1
"25 Insanely Fun Kitchen Tools You Need Immediately",1
"Tyler Ford Answers Your Questions About Identity, Style, And More",1
"19 People Who Look Just Like Macklemore",1
"How Evil Is Your Cat",1
"These Professional Fitness Instructors Tried Boxing For The First Time",1
"The 42 Best Science Memes On The Internet",1
"Here's A Photo Of A Young Harrison Ford Working As A Carpenter",1
"15 Bowls Of Soup That Will Make You Feel Better Immediately",1
"We Know Your Personality Based On Which Toast You Pick",1
"22 Things You'll Just Get If You Love Animals More Than People",1
"15 Times Viola Davis Was The Role Model This Damn World Needs",1
"Chocolate Rainbow Surprise Cake",1
"15 Valentine's Day Gifts For People Who Love The ""Making A Murderer"" Attorneys",1
"Can You Find Out What's Missing From This Tough Crossword",1
"Umm, So It Turns Out That Delhi Is Literally Full Of Dicks",1
"17 Stunning Men With Eyeliner Better Than Yours",1
"Here Is ABC Family's ""Hocus Pocus"" Schedule For Halloween",1
"National Star Wars Spoiler Day",1
"23 Tweets About Emotions That Will Make You Laugh Out Loud Every Time",1
"Thierry Henry's Reaction To Brendan Rodgers Being Sacked Is Utterly Brilliant",1
"The Imaginary Friend You Choose Determines Your Primary Personality Trait",1
"Which Justin Bieber Song Is Your Life Anthem Based On Your Zodiac Sign",1
"17 Chilling Confessions From People Who Have Been Stalked By Their Exes",1
"Are You More Kylie Jenner's Lips Or Kim Kardashian's Butt",1
"David Bowie's Son Revealed He's Going To Be A Father With A Very Sweet Cartoon",1
"22 Cats We've All Been At Some Point In Our Lives",1
"Selena Gomez Reveals She Underwent Chemotherapy When People Thought She Was In Rehab",1
"Thieves Kept Stealing And Then Crashing This Poor Canadian Guy's Truck",1
"22 Heroes Who Don't Wear Capes",1
"Are You More Llama Or Alpaca",1
"What Does Star Wars Mean To You",1
"What Your Co-Workers On Facebook Need To Hear",1
"22 Tumblr Posts To Remind You That Harry Potter Fans Are Hilarious",1
"25 Genius Tweets Guaranteed To Make You Laugh If You're Clueless About Sport",1
"17 Times Pacey Witter Made Your Heart Flutter",1
"18 Glorious Nail Art Designs For Fall",1
"Which Hogwarts Houses Do These ""American Horror Story"" Characters Belong In",1
"Here's What The Cast Of ""She's The Man"" Looks Like Today",1
"Will You Be Fooled By These Basic Science Questions",1
"This Phone Is For Everyone Who Always Runs Out Of Space",1
"How Much Do You Really Know About Vance Joy",1
"This Kid Stopped On His Way To Second Base To Tell His Baseball Coach ""I Love You""",1
"15 Scrumptious Oreo Desserts We Are Literally Not Worthy Of",1
"Everyday Struggles Of A Germophobe",1
"30 Things You Need To Know About Rob Schneider",1
"There Was A Mini ""Harry Potter"" Reunion In Florida Over The Weekend",1
"Which ""Hamilton"" Character Are You",1
"21 Unexpected Things You Can Make In A Rice Cooker",1
"15 Times Blake Lively's Hair Made You Weep With Joy",1
"Which Taylor Swift Single Is Your Favorite",1
"22 People Who Are Keeping ""Yolo"" Alive",1
"Here's A Look Inside The Harry Potter Coloring Book",1
"Faith Hill Responded To Tim McGraw's Marriage Proposal In The Most Adorable Way Possible",1
"Busta Rhymes Makes An Appearance On ""Master Of None"" And It's Perfect",1
"15 Reasons December Is The Best Month",1
"I'm Adopted, But I'm Not",1
"Watch The Heartbreaking Moment This Raccoon Accidentally Drops His Candy In A Puddle",1
"Hook Is Actually A Very Messed Up Movie",1
"15 ""Geordie Shore"" Quotes As Inspirational Posters",1
"Wake Up, America: It's Time To Realize How Amazing Anne Hathaway Really Is",1
"You Haven't Lived Until You've Tried Champurrado",1
"21 Mexican Food Moments That Are Oddly Satisfying",1
"What Should Your Last-Minute Halloween Costume Be Based On Three Questions",1
"27 Important Questions All Teachers Have Asked",1
"21 Dogs Who Take Their Jobs Very Seriously",1
"Emma Watson And Malala Hung Out, And It Was Exactly As Awesome As You'd Imagine",1
"Facebook Users Are Going Nuts Over This Fake Jennifer Aniston Story",1
"Tom Hiddleston Explained Gothic Literature And The Geekiness Is Surprisingly Hot",1
"17 Life-Changing Ways To Eat An Oreo",1
"Can We Guess What Kind Of Porn You Like",1
"The Game Posted A Lovely Photo Of His Junk On Instagram For V-Day",1
"15 Brutally Honest Tube Badges Every Londoner Needs Right Now",1
"Here's What You Should Eat For Dinner This Week",1
"27 Reactions You Definitely Had To The 2016 Golden Globe Nominations",1
"The Hardest ""Fellowship Of The Ring"" Quiz You'll Take Today",1
"Watch A Lifelike Portrait Of Emma Watson Come Alive In This Artist's Timelapse",1
"24 Heat-Activated Mugs You Never Knew You Needed",1
"The 16 Most WTF Animal Face Swaps",1
"Here's How To Start Running, Stick With It, And Not Totally Hate It",1
"11 Charts That Perfectly Sum Up Your Relationship With Your Mom",1
"24 Times The Internet Perfectly Described Going To School",1
"Zac Efron Dominated The Stage As Snoopy In A High School Play",1
"Are You A Power Player Or A Big Baby",1
"You Will Not Be Able To Handle The New Real Housewives Of Atlanta Trailer",1
"Are You A True Harry Potter Fan",1
"17 Painful Mascara Moments Every Woman Will Recognize",1
"13 ""One Tree Hill"" Questions That Are Impossible To Answer",1
"How Well Do You Really Remember ""Living Single""",1
"Here's What Happened When Priyanka Chopra Visited ""Jimmy Kimmel Live""",1
"Here's How To Make Spinach Artichoke Garlic Bread",1
"This Kid's Demonstration Of Perfect Pitch Will Blow You Away",1
"Dudes Re-Create The NFL's Greatest Plays",1
"How Messy Are You Actually",1
"This Guy Draws Octopuses On Portraits Of Vice Presidents",1
"22 Reasons Costco Is America's Greatest Achievement",1
"18 Pictures You Understand If You're Weird As Hell",1
"37 Photos That Will Annoy You More Than Is Actually Reasonable",1
"17 Incredibly Important Life Lessons We Can Learn From Winona Ryder",1
"Can You Guess The Book From These Terrible Drawings",1
"Here's What The Cast Of ""Legally Blonde"" Looks Like Now",1
"Which Of Peter Pan's Lost Boys Are You",1
"15 Trivia Questions Every True Disney Fan Should Be Able To Answer",1
"21 Products For People Who Are Completely Obsessed With Poodles",1
"15 Mind-Blowing Things You Probably Didn't Know About Spencer And Heidi From ""The Hills""",1
"This Pole Dancing Santa Toy Might Be The Worst Christmas Decoration Ever",1
"57 Things You'll Learn When You Live With Your Best Friends",1
"This Is What Life Looks Like When You Owe Your Entire Life In Student Loan Debt",1
"19 Extravagant Gifts You Totally Deserve This Year",1
"This Chart Will Change Your Life If You're A Messy Eater",1
"Patrick One Direction Is The Band's Newest, Delicious Member",1
"15 Sensational Ways To Eat Gnocchi This Winter",1
"21 Second-Day Hairstyle Tutorials",1
"18 Celebrity Men Who Are Actually Just Really Pleased To See You",1
"This Hijab Barbie Instagram Account Is Beyond Inspiring",1
"12 Wonderfully Bizarre French Expressions, Translated Literally",1
"How Well Do You Know YA Books",1
"44 Of The Most Breathtaking Shots In Michael Mann Movies",1
"19 Dutch Words And Their WTF Translations",1
"Kristen Stewart Has Some Advice For ""Star Wars"" Star Daisy Ridley",1
"These Beautiful Pieces Of Trans Artwork Offer Glimpses Into Diverse Trans Experiences",1
"Here's What Happened When I Road Tripped Around Southern California For A Week",1
"11 Reasons That You Are Actually Matt Bellassai",1
"This Steak Dinner For Two Is Where It's At",1
"The ""High School Musical"" Cast Reveals Facts You Probably Didn't Know",1
"How Many Logan Lerman Movies Have You Seen",1
"This Puzzle Is For Everyone Who's Obsessed With Animated Movies",1
"Answer These Four Questions And We'll Guess Your Gender",1
"13 Meet-Cute Stories That Actually Happened In Real Life",1
"Which Top 2015 Song Are You Based On Your Zodiac Sign",1
"Who Would You Rather Be In Your Race",1
"This Woman Taking A Picture With Reese Witherspoon In The Background Is All Of Us",1
"This Mom Hilariously Calls Out The Dysfunction Of School Drop-Off Lines",1
"17 Things That Are Too Real For People Who Always Drop Their Phone",1
"11 Charts For When You Feel Bad About Your Body",1
"Which Classic TV Show Are You",1
"When You're Out Of F*&%s To Give",1
"33 Tips For Having The Best Sex Of Your Life",1
"14 Drive-Thru Workers Who Are 100% Done",1
"15 Turkey Facts That Will Make You Sound Smart This Thanksgiving",1
"Japanese Twitter Is Mocking Politicians After A Fight Broke Out In Parliament",1
"27 Things To Eat If You Have Social Anxiety And Don't Want To Talk To Anyone At A Party",1
"Can You Tell Why Monica Is Mad Just By Looking At These ""Friends"" Photos",1
"This Dude Has His Tinder Profile Overhauled By Co-Workers",1
"14 Trully Crappy Reviews Of Oscar-Nominated Films",1
"23 Funny Tweets Only ""The Sims"" Fans Will Get",1
"17 Times You Realized You Were Liz Lemon And Wished You Weren't",1
"Which Of These Foods Is The Grossest",1
"55 New Year's Resolutions That Are Actually Doable",1
"22 Reasons Giraffes Are The Greatest",1
"The 24 Funniest Tweets About Cats In 2015",1
"Time To Settle It Once And For All: What's The Best Chocolate Candy You Could Get On Halloween",1
"30 Life-Changing Crock-Pot Recipes To Make This Fall",1
"22 Heroes Who Will Give You Eternal Light",1
"This Woman Smashing Her Face Into Bread Is Oddly Compelling",1
"Which Doctor From ""Grey's Anatomy"" Would Save Your Life",1
"These Are Julia Louis-Dreyfus' Best Emmy Looks Over The Years",1
"17 Practical Things Every Girl Needs",1
"21 Times Harry Styles' Hair Shone Like God Herself In 2015",1
"Someone Illustrated Leslie Knope Compliments And They Rock",1
"11 Struggles Women Understand Too Well",1
"16 Excellent Alternatives To Netflix And Chill",1
"Are Your Home Movie Watching Habits Weird",1
"3 Homemade Nut Butter Cup Recipes",1
"Why You Should Be Proud To Be A Slytherin",1
"Kim Noble And The Art Of Turning Suicide Into Theatre",1
"Surprising Beauty Hacks Using Coffee Grounds",1
"If Couples Honestly Updated Their Facebook",1
"Tell Us About Your Self(ie): Alli Simpson",1
"Knock, Knock! Who's There",1
"13 Things You Wish You Knew Before You Got Your Period",1
"Tell Us About Yourself(ie): Tone Bell",1
"Priyanka Chopra Is Making A Sitcom About 4 Friends Who Share An Apartment In Mumbai",1
"These Are The Chillest Lizards In The History Of The Animal Kingdom",1
"Can You Really Tell The Difference Between Elena Gilbert And Katherine Pierce",1
"We Know Which Thanksgiving Side You Are Based On Your Zodiac",1
"21 Confessions From Men Who Suffer Domestic Abuse",1
"You Can Watch This Guy Write A Book In Real-Time Right Now",1
"Is This A Jessica Or Ashlee Simpson Lyric",1
"20 Pictures That Will Make Absolutely No Sense If You've Never Been To A Target",1
"23 Stunning Ways To Add Color To Your Walls",1
"18 Perfect Couple Halloween Costume Ideas For You And Your Girlfriend",1
"We Know If You'll Find Love On Tinder",1
"20 Painfully Honest Confessions From Women With Polycystic Ovary Syndrome",1
"Canadians Are Hilariously Confessing Their Most Un-Canadian Traits",1
"Are You More Like Nelly Or Kelly Rowland",1
"If Young Adult Book Titles Were Honest",1
"Chris Pratt Is Actually Bursting With Joy Over ""Guardians Of The Galaxy Vol. 2""",1
"What Is It Really Like To Be In A Long-Distance Marriage",1
"18 Punk And Grunge-Themed Shops You Need To Check Out ASAP",1
"What's The Best College Bar In America",1
"This Is What Happened When Teachers Found Out What Students Really Thought About Them",1
"How Stereotypically Mum Is Your Mum",1
"The 23 Most Important Things That Have Ever Happened On YikYak",1
"What Twentysomething Stereotype Are You Based On Your Zodiac Sign",1
"Meet The Brownies That Put All Other Brownies To Shame",1
"When You Think You Might Snap",1
"Why Every Straight Girl Needs A Lesbian BFF",1
"106 Memorable TV Deaths In 2015",1
"How Well Do You Remember Ted Mosby's Girlfriends? Part 2",1
"What Obscure Thing Should You Make Sexy For Halloween",1
"18 Chelsea Handler Quotes For When You Need A Sassy Comeback",1
"This Woman Had The Best Response When Her Tinder Date Asked For His $5 Back",1
"What Hilarious Name Should You Give Your Dog",1
"19 Things You'll Just Get If You're Obsessed With Hummus",1
"There Is Such A Thing As Bunny Yoga And It Is Incredibly Cute",1
"Extremely Spicy Snack Taste Test",1
"A Government Officer Was Caught Playing Candy Crush While Meeting Farmers With Grievances",1
"31 NYC Spots That Closed Forever In 2015",1
"Do You Remember The Hogwarts House Of These Minor ""Harry Potter"" Characters",1
"Which Perpetually Miserable Disney Character Are You Really",1
"Every Day I Want To Quit Social Media",1
"10 Movies With A Shit-Ton Of Lesbian Subtext",1
"Lesbians Watched And Critiqued Lesbian Porn And It Was Traumatic",1
"We Got Advice From Margaret Cho, And It Was Just As Real As You'd Think",1
"How To Pet Your Humans",1
"Here's What People All Around The World Find Baffling About Britain",1
"What's The Strangest Way You've Seen A Dress Code Enforced",1
"15 Delicious Ways To Make Your Favorite Candy Even Better",1
"49 Lyrics From Adele's ""25"" For When You Need A Deep Instagram Caption",1
"Please Drop Everything And Tell Us Whether You're A Morning Person Or A Night Owl",1
"17 Times Celebrity Couples Made You Feel Single As Fuck",1
"We Know Your Zodiac Sign Based On Your Favorite Dog Breeds",1
"13 Powerful Stories About College Students Living With Depression",1
"Signs You're Already Over This Semester",1
"15 Of The Most Hilarious Tweets About College Life In India",1
"12 Unexpectedly Bizarre Moments From British Court Cases",1
"Here's How To Actually Reuse Your Wedding Dress In A Beautiful Way",1
"10 Things Spanish Majors Are Tired Of Hearing",1
"Kevin Hart Tried To Go For A Run In Canada And Couldn't Handle The Icy Streets",1
"6 Evangelical Hell Houses That Will Literally Put The Fear Of God Into You",1
"Here's How Everyone Reacted To Jennifer Lawrence And Amy Schumer At The Golden Globes",1
"23 Completely Insane Valentine's Day Weddings",1
"23 ""X-Files"" Gifts That Are Out Of This World",1
"Can You Guess The Disney Movie By A Single Letter From The Title Screen",1
"These Pit Bull Brothers Are The Cutest Thing You'll See All Day",1
"Ellen Absolutely Grilled Ben Higgins, AKA The Bachelor",1
"22 Obnoxiously Cozy Things That'll Help You Embrace The Cold",1
"29 Songs That Will Remind You Of Your High School Sweetheart",1
"Everyone Is Losing Their Minds About These Amazing Toasted Marshmallow Milkshakes",1
"24 Times ""Arrested Development"" Perfectly Described Finals Week",1
"Which Mumford And Sons Album Are You",1
"Belle Was Literally The Fucking Worst",1
"26 Times P.K. Subban Scored A Hat Trick On Your Heart",1
"Shut It Down, This Pizza Waffle Is Everything You've Been Waiting For And More",1
"19 Tweets That'll Make You Wonder If Anyone Actually Got Adele Tickets",1
"Amy Schumer Held A Cup In New York And It Was Great",1
"The New Trailer For ""The Secret Life Of Pets"" Is Here And It's Adorable",1
"19 Ways To Make A Next-Level Reading Nook",1
"Everything You Need To Know About Homemade Popcorn Crunchie Bars",1
"What Does Your Most-Used Emoji Say About You",1
"Sarah Michelle Gellar Is Ready To Fight Her Next Battle",1
"Who Said It: ""Parks And Recreation"" Edition",1
"Which ""Making A Murderer"" Lawyer Should Be Your Boo",1
"21 Pressing Concerns Australians Have About American Food",1
"21 Drunk Conversations Every Girl Has Had At Least Once",1
"12 Celebrities Who Probably Wouldn't Be Famous With Their Birth Names",1
"What Is Your Favourite David Bowie Song Of All Time",1
"The Best Moment Of A Date",1
"25 More Tweets About Animals That Will Make You Laugh Every Time",1
"For Everyone Who Has A Lot Of Feelings About The ""Hey Arnold"" Christmas Special",1
"This ""Star Wars"" J. Crew Collection Will Rule The Galaxy",1
"Can You Identify Which Disney Channel Movie Each Celebrity Was In",1
"Mindy Kaling Has Written All Of Us A List Of Her Favorite Rom-Coms",1
"The Magical World Of Underground Night Personalities",1
"The New Genre Of Trans Women's Memoirs: Lives Beyond Our Identities",1
"29 Tweets About Technology Guaranteed To Make You Laugh",1
"Do You Know Enough Famous Secret Identities To Solve This Puzzle",1
"Judah Friedlander's Opinion On 15 Random Things",1
"7 Essays To Read: Preventing Suicide, Crowdfunding Adoptions, And Being Single",1
"We Know Which Member Of Your Friend Group You Are Based On Your Zodiac Sign",1
"These 4 Animals Sum Up What It Feels Like The Monday After Break",1
"7 Healthy Eating Tricks You Should Try This Week",1
"For Anyone Who Had A Crush On Sheik From ""Zelda""",1
"Kim Kardashian West Has Her Own Emoijs And They're Pretty Amazing",1
"How Well Do You Remember ""The Vampire Diaries"" Murder House Party",1
"We Know Which Raccoon GIF Will Make You Happy Based On Your Zodiac Sign",1
"24 Tweets That'll Make You Feel Better About Your Student Debt",1
"Little Girls Are Ruining Their Hair With This Hot New Toy",1
"This Is Your Brain On Coffee",1
"Are You Cool Enough To Be A USA Freedom Kid At The Trump Rally",1
"10 Jack-O'-Lanterns That Would Terrify All Introverts",1
"18 Things You'll Understand If You're The Only One Who Finds You Funny",1
"There Was A Magical Wizard At The Democratic Presidential Debate",1
"26 Pregnant Women Who Totally Slayed Halloween",1
"The World Now Knows Jake Gyllenhaal's Real Height Thanks To Conan",1
"This Crossword Is Full Of Fucked Up Celebrities",1
"What Advice Do You Want From Little Mix",1
"17 Times Richard Ayoade Was The Hero We Needed",1
"These Are Going To Be The 16 Biggest Food Trends In 2016, According To Pinterest",1
"A Great Question Has Been Answered, Hot Dogs Are Not Sandwiches",1
"2015 Was The Year Shibas Proved They Were More Than A Meme",1
"We Know Which Animal GIF Will Make You Laugh Based On Your Zodiac",1
"19 Phil Dunphy Dad Jokes That Are Guaranteed To Make You Laugh",1
"Pigskin A Blanket: NFL Week 15 Picks",1
"17 Things You'll Understand If You're Addicted To Snacking",1
"People Are Really Pissed That Taylor Swift Won Album Of The Year",1
"18 Milestones All Friends Must Go Through To Become Best Friends",1
"16 Muslim Emojis That You Didn't Know You Needed",1
"15 Horror Movie Posters Reimagined In Polymer Clay",1
"7 Gorgeous Gift Card Holders That Cost $0",1
"This Food Stylist Gave Us 5 Tips To Make Normal Food Look Amazing",1
"20 Perfect Pins For People Who Simply Cannot",1
"What's Your Favorite Professor Snape Moment In ""Harry Potter?""",1
"17 Times ""Steven Universe"" Made You Cry",1
"People Are Disappointed By Kanye's Slut-Shaming Of Amber Rose",1
"Can You Name These ""Bake Off"" Technical Challenges",1
"A Quick Shout-Out To Lupita Nyong'o's Umbrella Man",1
"If Horror Novels Had More Accurate Titles",1
"Which Of Your Favorite Fandom's Technology Is Most Powerful",1
"Ricky Gervais Is Officially Back As David Brent From ""The Office""",1
"We Got Drunk And Made Ourselves Super Bowl Trophies",1
"This Beautiful Short Film Shows The Life Of A Villager Working In Mumbai",1
"14 Deliciously Insane Ways To Celebrate National Cheeseburger Day",1
"22 Pictures That Are Too Real For People Who Hate Their Job",1
"Hot Guys Holding BB-8 Is The Only Thing You Need To See Today",1
"We Did Things Men Stereotypically Do And Here's How It Went",1
"19 Decadent Treats Worth Breaking Your Diet For",1
"What Is Your Dessert IQ",1
"After Seven Years, Someone Finally Completed ""American Ninja Warrior's"" Final Course",1
"21 Delectable Subscription Boxes Foodies Will Totally Love",1
"This Rainbow-Inspired Hummus Is Almost Too Gorgeous To Eat",1
"21 Photos That Prove Anyone Can Rock A Pair Of Duck Boots",1
"19 Brutally Honest Confessions From A Tesco Worker",1
"When A Farmer Was Too Sick To Harvest His Crops, The Community Banded Together To Do It For Him",1
"25 Things You Won't Believe People Tried To Sneak On Planes",1
"These High School Students Just Shut It Down With This Epic Lip Dub Video",1
"21 Reasons You Should Date A Canadian",1
"This Woman Unknowingly Photographed Her Own Engagement",1
"Did You Know Barbie And Ken Have Last Names",1
"10 Badass Hairstyles You Need To Try Immediately",1
"Are You More Like Batman Or The Joker",1
"Here's What You Should Actually Eat When You're Hungover",1
"18 Really Honest Confessions From Straight Edge People",1
"Kim Kardashian Just Revealed She Uses Tons Of Tape To Get Great Boobs",1
"21 Things For People Who Think Snails Are Cute AF",1
"25 Of The Most Beautiful College Campuses In The World",1
"17 Young Adult Novels You Should Read, Based On Your Favorite Literary Classics",1
"Jake Gyllenhaal Once Wrote A Letter To KFC To Bring Back Chicken Littles",1
"23 Pictures That Pretty Much Sum Up 2015",1
"Here's What You Should Care About Before The Major League Baseball Playoffs",1
"We Can Guess What Gets You Off Most During Sex",1
"21 Struggles Of Being The Sarcastic Person In Your Friend Group",1
"24 Of The Most Motivational Celebrity Tweets Of All Time",1
"17 Reasons Why Jos. Louis Are The Ultimate Culinary Delight",1
"The Most Powerful Images Of World War I",1
"17 Things Girls Only Tell Their Best Friends",1
"Aubrey Plaza, Betty White, Bob Barker, And More Guest Star On SpongeBob SquarePants",1
"9 Women In Movies Who Somehow Brought In All The Money This Year",1
"Tell Us About Yourself(ie): Jenny Mollen",1
"If Spam Comments Were Motivational Posters",1
"This Is Why You Don't Fuck With A Crocodile",1
"21 Little Details You Probably Missed In ""The Fifth Element""",1
"24 Drinks You Should Order If You're Not Drinking",1
"19 Problems All Polysexual People Know To Be True",1
"25 Things You Forgot You Used To Do",1
"How I Learned To Celebrate Eid Al Adha In America",1
"25 Books Every Pop Culture Nerd Needs To Read",1
"We Had The Cast Of ""How To Be Single"" Debunk Dating Rules",1
"People Are Not Taking The Demise Of The Twitter Fave Well",1
"Football Club Could Segregate Black Fans From White Fans",1
"17 Boozy Crock Pot Cocktails",1
"19 Celebrities Open Up About Dealing With Their Eating Disorders",1
"43 Things That Mildly Thrill All Students",1
"Do You Have The Best Photo Of A Kid Freaking Out With Santa",1
"27 Women Sexily Consuming Chocolate",1
"16 Things Only People With Raynaud's Will Understand",1
"This Book Of Illustrated Quotes From Authors Will Inspire You",1
"11 Times The MythBusters Took Their Job A Bit Too Far",1
"One Direction Played ""Never Have I Ever"" And It Got ~Scandalous~",1
"20 Underrated Actors Who Deserve Some Emmy Love",1
"75 Thoughts I Had While Watching ""Star Wars: The Force Awakens""",1
"Are You A Little Bit Bitchy",1
"This Is What $100 A Night Can Get You At Airbnbs Around The World",1
"This Quiz Will Determine How Datable You Are",1
"15 Pets That Look So Much Like Food It Will Make You Uncomfortable",1
"Here's What It's Like When You Physically Can't Pierce Your Ears",1
"It's 2015 And These Words Should Be Added To The Dictionary Now",1
"10 Ridiculously Easy And Delicious Soups That Are Perfect For Fall",1
"We Need To Talk About How Sexy Jared Keeso Is",1
"32 Photos Of The ""Jane The Virgin"" Cast Hanging Out In Real Life",1
"Which ""Clueless"" Character Are You Based On Your Zodiac Sign",1
"The Hardest Beatles Song Title Quiz You'll Ever Take",1
"What Crazy Bullshit Will Donald Trump Say Next",1
"14 Lipstick Tricks For People Who Can't Make Sense Of Makeup",1
"25 Halloween Cakes That Will Scare The Shit Out Of You",1
"Which Early 2000s Disney Show Matches Your Zodiac",1
"29 Amazing Literary Magazines You Need To Be Reading",1
"Natalia Tena Sorts ""Harry Potter"" Characters Into ""Game Of Thrones"" Houses",1
"Jessica Williams And Phoebe Robinson Are Asking Hollywood To Shift Its Default",1
"27 Of The Most Powerful Photos Of This Week",1
"12 People Who Are Going To Have A Really Hard Time Doing Their Job In That Costume",1
"Which Badass Movie Lady Are You",1
"This Two-Legged Kitten Recovered From Starvation And Now Has His Own Tiny Wheelchair",1
"Here's Why #DuragHistoryWeek Is Important",1
"What Is Your Eyesight Score",1
"What Would Amortentia Smell Like To You",1
"Here's How You Can Actually Find The Cheapest Flights Ever",1
"What Job Would You Have In ""Skyrim""",1
"This Corgi And Baby Are Best Friends And It's Ridiculously Cute",1
"How Do You Ask For Consent",1
"Are You More DJ Khaled Or Chef Dee",1
"We Tried YouTube Makeup Tutorials And This Is What Happened",1
"33 Cats Who Found Their Forever Home This Year",1
"27 Things So Gloriously Awkward You Won't Be Able To Look Away",1
"28 ""Star Wars"" Tattoos That Will Awaken The Force In You",1
"Here's A Map Of Canada If It Were Westeros",1
"We Know Your Favorite Adult ""Harry Potter"" Character Based On Your Favorite Social Media Site",1
"21 Reasons ""Unbreakable Kimmy Schmidt"" Is The Best Comedy Of 2015",1
"Can You Handle An Evening Of Menstruation",1
"22 Fred And George Weasley Moments That'll Make You Laugh, Cry, And Everything In Between",1
"21 Things Only MAC Lovers Can Truly Appreciate",1
"29 Christmas Presents For The ""Twin Peaks"" Fan In Your Life",1
"17 ""Home Alone"" Tweets That Will Make You Laugh Out Loud",1
"19 Things That Are Romantic In Films But Terrible In Real Life",1
"31 Ways You Know You're DEFINITELY a DC Native",1
"28 Tweets That Sum Up What It's Like To Grow Up In New Jersey",1
"The Names Of Popular Celebrities According To My Mom",1
"The 8 Most Insane Letter Reveals From Wheel Of Fortune",1
"Conan O'Brien Shared A Touching Remembrance Of David Bowie On ""Conan""",1
"If ""Netflix And Chill"" Were Honest",1
"Ellen And Portia Named Their New Puppy ""Kid"" For The Best Reason",1
"I'm Black, But I'm Not",1
"What's The Most Underrated Place To Shop For Fun, Bright Plus-Size Clothing",1
"How To Turn Classic Thanksgiving Foods Into Boozy Cocktails",1
"Animal Control Investigated Kylie Jenner Over Her Dogs' Weight",1
"Which Beloved Children's Cartoon Character Should You Hook Up With",1
"Dear ""Walking Dead"" Fans: You-Know-Who Definitely Isn't Dead",1
"16 Indie Songs From The Early 2000s You Totally Forgot About",1
"Dads Everywhere Have Fallen In Love With Adele",1
"A Surefire 59-Step Plan To Avoid Star Wars Spoilers",1
"14 Harry Potter Holiday Ornaments That Are Absolutely Magical",1
"20 Things The World Wouldn't Have If Black People Didn't Exist",1
"19 Things Only Indecisive People Will Understand",1
"23 Pictures That Won't Make Sense If You're An Only Child",1
"How Fanfic Helped Me Find Myself",1
"Here's Why Adopting A Pet Is The Best Idea Ever",1
"Should You Be Best Friends With Katy Perry Or Taylor Swift",1
"What's The Best Healthy Recipe You Made This Year",1
"This Woman Just Wrote The Feminist Version Of ""Hotline Bling""",1
"Can You Match The Halloween Costume To The TV Show",1
"8 Sex Positions That'll Make You Wish It Was Christmas Every Day",1
"12 Celebrities With Guy Fieri's Hair",1
"The Most Moving Personal Essays You Needed To Read In 2015",1
"27 Faces Anyone Who Has To Serve Customers Will Understand",1
"We Know Where You Were Born Based On Your Favorite Animals",1
"If ""Harry Potter"" Characters Were Cast As All Black Actors",1
"27 Of The Worst Things About Going To Stock Photo University",1
"This Disney Show For Preschoolers Is Teaching Kids About Consent",1
"15 Nearly Impossible Pop Culture Questions For Queer Ladies To Answer",1
"Everyone's Freaking Out Over This Morrisons Pizza Because It Looks Rude",1
"Can You Match These Britney Spears Songs To Their Albums",1
"Here's The Free Valentine's Day Gift You Can Give Literally Anyone",1
"21 Times Things Got Too Real Too Fast",1
"19 People Every Student At A Black College Will Recognize",1
"23 Ridiculously Cool Toys That Kids And Adults Will Enjoy",1
"This Man Has Been Sending Letters To The Ocean For 12 Years",1
"24 Academic Tweets That Will Make You Laugh And Then Cry",1
"41 Healthy Things To Eat That Are Not Salad",1
"29 Tweets About Being A Lesbian That Will Make You Laugh Every Time",1
"Can You Guess The Christmas Movie From Its Amazon Review",1
"This iPhone Trick Allows You To Access Your Information During A Medical Emergency",1
"7 Signs You Grew Up Christian",1
"23 Times Anna Kendrick Was The Coolest Person On Instagram",1
"If White Goodman's Quotes From ""Dodgeball"" Were Motivational Posters",1
"Americans Try Canadian Candy For The First Time",1
"The One Hot Canadian Everyone Forgets On Their ""Hot Canadians"" List",1
"17 Mildly Infuriating People Who Must Be Stopped",1
"Can You Identify The Nicki Minaj Music Video By Its YouTube Comment",1
"6 Untrue Facts About Mental Health You Probably Believe",1
"The Story Behind How This Dog Lost His Ear Is Heartbreaking And Inspiring",1
"15 Amazing Products That Will Change The Way You Sleep In 2016",1
"An Adorable Animals Advent Calendar: December 3",1
"28 Reasons Absolutely Everyone Hates Hamilton, Ontario",1
"Can You Make It Through Our Ghost Game",1
"31 Of The Most Beautiful Movie Shots Of 2015",1
"Couples Try Pole Dancing For The First Time",1
"20 Wonderful Local Stores From The Northwest You Can Shop Online",1
"What's The Funniest ""It's Always Sunny In Philadelphia"" Moment",1
"16 Photos From The Delhi Queer Pride Parade That Will Restore Your Faith In Humanity",1
"2015 Was The Year Taylor Lautner Was Still Really Hot",1
"12 Easy DIYs That Will Make You Fair And Lovely",1
"Here's Taylor Swift On The Cover Of GQ Magazine",1
"Which ""Street Fighter"" Character Are You Based On Your Zodiac Sign",1
"7 Ways To Eat Healthier Without Even Realizing",1
"What Was Your Name In Your Previous Life",1
"35 Totally Brilliant Ways To Eat More Chocolate",1
"There Is A Cat Hidden In This Serious New York Times Photo Of Obama",1
"21 New Year's Resolutions For TV To Consider In 2016",1
"Here's How Dietitians Actually Eat Healthy Without Going Broke",1
"15 Emojis That All Women Will Appreciate",1
"17 Things Everyone Regrets Doing In Freshers' Week",1
"People Ride An IO HAWK For The First Time",1
"Here's What The Stars Of ""Casper"" Look Like Today",1
"Can You Spot The Real Makeup Product",1
"There's A New Hairstyle Called The ""Hun"" And It's Taking Over",1
"29 ""Fallout 4"" Easter Eggs That Will Blow Your Mind",1
"17 Ingenious Tricks Every Lazy Person Should Know",1
"9 Ways To Make Pumpkin Seeds Taste Fabulous",1
"21 Tweets About Thanksgiving That'll Make You Cringe Then Laugh",1
"The Internet Is Trying To Find This Rockstar Masquerading As A Fruit Seller",1
"32 Gift Ideas For The Canadian In Your Life",1
"Stuffed Monkey Bread",1
"This One Question Will Show What Career You Should Actually Have",1
"Which Real Housewife Are You Based On Your Birth Month",1
"Here's How Men And Women's Fashion Has Evolved Over The Past 100 Years",1
"Which Subscription Service Do You Wish You'd Known About Sooner",1
"A Case For Sleeping In",1
"28 Times ""Breaking Bad"" Was Really Fucking Funny",1
"17 Dogs Who Just Want Their Beds Back",1
"Pigskin A Blanket: NFL Week 14 Picks",1
"15 Stages Of Surviving An Australian Summer As Told By ""The Simpsons""",1
"17 Mind-Blowingly Delicious Noodles To Try In NYC",1
"19 Things That Mildly Irritate All Farmers",1
"17 Signs You're Actually Deadpool",1
"America Ferrera Still Has A Lot Of Love For Her ""Traveling Pants"" Sisters",1
"43 Life-Changing Books You Need To Read",1
"21 Deliciously Warming West African Dishes You Should Be Eating This Winter",1
"Across The Universe Of John Lennon In 39 Pictures",1
"26 Products For People Who Are Completely Obsessed With Snakes",1
"Every ""The Office"" Relationship, Definitively Ranked",1
"17 Simply Stunning Sheer Wedding Dresses",1
"18 Stunning Christmas Cookies Guaranteed To Impress Your Family",1
"The Secondary Characters Of ""Friends,"" Then Vs. Now",1
"21 Things That Are Goddamn Disappointing Every Fucking Time",1
"I Played The Drake And Future Inspired ""Jumpman"" Game And Wasn't That Good At It",1
"This Scene From ""The Little Mermaid"" Will Ruin Your Childhood",1
"Do You Remember ""Friends"" Characters' Middle Names",1
"13 Of The Most Iconic Playboy Covers Of All Time",1
"17 Beautiful AF Hair Transformations You Can Copy In 2016",1
"21 Times British People Confused The Hell Out Of Everyone On Twitter",1
"23 Times Victoria Beckham Was Actually Fucking Hilarious",1
"17 Things People Obsessed With Eye Makeup Will Relate To",1
"7 Delicious Dinners That Are Great For Weeknights",1
"23 Of The Funniest ""Nancy Drew"" Game Memes",1
"13 Cocktails That'll Knock Santa's Boots Off",1
"How Many Of These Halloween Movies Have You Actually Seen",1
"Goodbye, America's Next Top Model",1
"38 Celebrities Who Are Celebrating Birthdays In December",1
"Bow Wow Had No Clue How To Kill Time During The Grammys And It Was Hilarious",1
"This New Movie Is A Tragic Love Story For The No-Labels Generation",1
"Eli Manning Has The Most Incredible New Nickname",1
"These New Yorkers Dealt With A Stalled Subway Train By Starting A Drake Singalong",1
"19 People Who Prove Rainbow Eyebrows Are Insanely Gorgeous",1
"People Are Tweeting #NetflixListen To Get This Series About A Muslim Hero Made",1
"22 Things You Totally Forgot You Used To Do On Facebook",1
"25 Times Blue Ivy Had Her Shit Together Better Than You",1
"22 Pictures That Prove Asos Is Conspiring To Turn Us All Into Cher",1
"Here's Why Your Body Jerks Awake When You're Falling Asleep",1
"Cookie Monster Without Fur Will Make You Cry",1
"POLL: Which Letter In The Alphabet Is The Best",1
"Here's How A Dog And An Injured Baby Deer Became Best Friends",1
"21 Perfect Things For Anyone Who Is Actually Ron Swanson",1
"21 Tweets About Contacts Lenses That Will Make You Laugh Out Loud",1
"An Open Letter To Anyone Who's Ever Tweeted Anything Mean About The Rock",1
"The Hardest Alcohol Quiz You Will Ever Take",1
"What You Actually Want To Say During a First Date",1
"23 Things You Only Understand If ""Harry Potter"" Is How You Made Your Friends",1
"Test Your Color Knowledge",1
"The Pros And Cons Of Being A Student In Your Thirties",1
"Just 18 Really Funny Tumblr Makeup Posts",1
"7 Mental Health Resources For When You're Feeling Helpless",1
"Which Member Of Overwatch Are You",1
"OMG, D.J. Tanner And Steve Have Reunited On The Set Of ""Fuller House""",1
"16 Times Britain Confused The Hell Out Of Rest Of The World In 2015",1
"33 Times ""Spongebob"" Fans Killed It On Tumblr",1
"A Dog Kept Watch Over Her Trapped Best Friend For A Week Until Help Arrived",1
"How Many Of These ""Harry Potter"" Characters Can You Name",1
"Do You Know The First Roles Of These A-List Actors",1
"Can You Pick The Right Roommate",1
"21 Times Mr Potato Head Was The Shadiest Toy In ""Toy Story""",1
"Can You Guess Why One Direction's Niall Horan Is Laughing",1
"11 Ways To Actually Become A Person Who Works Out",1
"The ""Empire"" Season 2 Drinking Game",1
"14 Pictures That Will Make Any Indian Incredibly Angry",1
"17 Disney Accessories You'll Want Immediately",1
"This Site Shows You What David Bowie Was Doing At Your Age",1
"Old Friends Senior Dog Sanctuary Is The Best Facebook Page Ever And You Need To Follow It",1
"Which ""Death Note"" Character Are You",1
"Caitlyn Jenner Apologised For Saying A Trans Woman Shouldn't Look Like ""A Man In A Dress""",1
"The 24 Best Fiction Books Of 2015",1
"Kris Jenner Has Declared Scott Disick Her True Love",1
"A Woman Named Her Baby ""Uber"" After She Gave Birth In An Uber",1
"27 Signs You're Slightly Obsessed With Dogs",1
"A Sincere Ode To Uno From Everyone Who Has Ever Existed",1
"19 Things Only People That Have Already Broken Their New Year's Resolution Will Understand",1
"This ASL Interpretation Of Adele's ""Hello"" Is Heartbreakingly Gorgeous",1
"This Dog Practicing His Prancing In Front Of A TV Is So Cute",1
"Mindy Kaling Thinks It's ""Badass"" To Live In P.E.I. And We're Like",1
"Here Are All The Super Bowl Commercials People Will Be Talking About",1
"I Went To Lauren Conrad's Fashion Show And Lived Out My High School Fantasy",1
"How Well Do You Know The Lyrics To ""Frosty The Snowman?""",1
"21 Dads Who Were Clearly Meant To Be Dads",1
"There's Now Weed For Menstrual Cramps That You Stick In Your Vagina",1
"Amandla Stenberg And Solange Knowles Shout Each Other Out On Instagram And It's The Best Girl Power Moment Ever",1
"5 Great Books To Read In October",1
"Can You Guess Why Ross Geller Is Freaking Out From A Screenshot",1
"15 Struggles Of Being Your Family's Bad Cop",1
"Emma Watson's New Haircut Is Literally The Definition Of Flawless",1
"Everything You Need To Know About The Upcoming Season Of ""The Outs""",1
"500 Storm Troopers Invade Great Wall Of China, Star Wars Hype Crushes All Global Resistance",1
"Are You More North, South, Or Central New Jersey",1
"Are You More Jean-Ralphio Or Mona-Lisa Saperstein",1
"This Is What Canada Looked Like Before This Ridiculously Long Election Started",1
"Which ""Adventure Time"" Character Matches Your Zodiac Sign",1
"After Being Called ""Indian Piece Of Shit,"" A Student Wrote This Moving Facebook Post About Racism",1
"Can We Guess What Kind Of Person You Are From These 10 Questions",1
"18 Maps That Will Change How You See The World",1
"Do You Know How Old Your Favorite Pop Star Was When They Released Their First Album",1
"James Franco Just Got Bar Mitzvahed",1
"17 Times Rihanna Taught You How To Talk To Fuckboys",1
"22 Gorgeous Ways To Get Your Whole Family In The Hanukkah Spirit",1
"21 Things You'll Only Understand If You're The Tallest In Your Friend Group",1
"Can We Guess What You Hate Most Based On How You Swear",1
"Raven And Chelsea Reunited And Slayed The Hell Out Of The ""That's So Raven"" Theme Song",1
"How Annabeth Chase Are You",1
"We Can Tell Whether You Had Sex This Morning With One Simple Question",1
"19 Tumblr Posts That Prove Pets Are Too Pure For This World",1
"11 Shibas Who Keep Getting Stuck In Things",1
"Are You More Severus Snape Or Albus Dumbledore",1
"15 Mind-Blowing Ways To Eat Apples",1
"17 Things Kylie Jenner Did Three Years Ago That She'd Never Do Now",1
"28 Charming Ways To Use Your Kids' Art As Decor",1
"21 Delicious Cookie Recipes To Make This Fall",1
"We Know Your S.O.'s Zodiac Sign Based On Your Favourite Things",1
"Kim Kardashian Is Wearing More Latex In Her Newest Instagram Pics",1
"This Santa Refused To Wake a Sleeping Baby And Took The Most Adorable Photos",1
"What's The Best Place To Buy Affordable Jewelry Online",1
"23 Moms Who Were Clearly Meant To Be Moms",1
"How Well Do You Know The Earth",1
"19 Hilarious Tweets About Having To Sit At The Kids' Table On Thanksgiving",1
"Tom Hardy Looks Exactly Like His Dog And It's Terrifying",1
"Which Colour Best Represents You",1
"Are You More Queen Elsa Or Jack Frost",1
"Iggy Azalea Tried To Clap Back Against T.I. On Twitter",1
"Are You More YouTube Or YouPorn",1
"Which Hogwarts House Are You In Based On Your Favorite New-ish Song",1
"When You're Single For The Holidays",1
"Is This A Real Forever 21 Tee Slogan Or Am I Just Fucking With You",1
"The 37 Most Important Puppy Pictures Of 2015",1
"Why I Stopped Running From New York",1
"19 Food Trucks You Need To Visit In India",1
"Puppies Eat Peanut Butter For The First Time",1
"9 Fucking Ugly Tattoos Transformed Into Something New On ""Tattoo Fixers""",1
"Tina Fey And Maya Rudolph Are Raising The Bar On Epic Dubsmashes",1
"Target Is Pulling This ""Star Wars"" Shirt For Boys That Writes Leia Out Of The Scene",1
"Everything You Need To Know About The Man Behind Lord Varys",1
"This Mashup Of ""Hotline Bling"" With Wii Music Is Everything",1
"We Need To Talk About James Reid",1
"Volunteering At An Abortion Clinic Made Me Lose Patience With The Abortion Debate",1
"21 Things Military Spouses Won't Tell You",1
"17 Popular Song Lyrics Everyone Misheard In 2015",1
"13 No-Bake Valentine's Day Sweets",1
"8 Things Nobody Tells You About Graduation And Depression",1
"Who Do You Think Should Win At The 2015 Emmy Awards",1
"28 Songs From The Early '00s That You Forgot Existed",1
"What's Your Personality Type Based On Your Opinion Of Eggs",1
"18 Hilarious Tweets About Body Image That Will Make You Laugh Every Time",1
"Barbie's New Collection Has Curvy, Petite, And Tall Dolls",1
"What Happens When You Add Adele's Face To Classic Album Covers",1
"See Emma Stone As A Superhero In A Movie That's Not Happening",1
"How to Peel an Apple in 3 Seconds",1
"Can You Pick The Best Secret Santa",1
"Do You Have What It Takes To *Get* This Crossword Puzzle",1
"An Astronaut Just Tweeted Some Awe-Inspiring Photos Of South India From Space",1
"Taylor Swift's Birthday Message To Ed Sheeran Is Probably The Cutest Thing Ever",1
"What Is Your Vagina Horror Story",1
"Which Place Has The Best Ice",1
"You Need To See This ""Dirty Thunderstorm"" Over Mount Etna",1
"17 Pictures That Sum Up The Life Of A Really Skinny Girl",1
"17 Pictures That Are Perfect If You're Obsessed With Fried Chicken",1
"People Are Dressing Their Pets As Beanie Babies And It's Almost Too Much",1
"An Adorable Animals Advent Calendar: December 15",1
"21 Incredible Ways To Eat More Ranch Dressing In 2016",1
"The 21 Most Christina Aguilera Things That Have Ever Happened",1
"What Would Zooey Deschanel Name You",1
"21 Songs You Grinded To Five Years Ago",1
"Who Would You Leave ""Bachelor In Paradise"" With Based On Your Zodiac Sign",1
"Were You More Harry Styles Or Justin Bieber In 2015",1
"Pretty Little Liars Quotes As Motivational Posters",1
"Katy Perry's Pan Flute Performance Will Have You Crying Tears Of Laughter",1
"Are You More James Bond Or Austin Powers",1
"Can You Guess The ""Friends"" Episode Title From Emojis",1
"Do You Actually Know How To Write Cursive",1
"16 Super Chill Dogs Who Love The Sun",1
"Tom Hardy Took His Dog To The ""Legend"" Premiere And It Was Adorable",1
"How Intuitive Are You Really",1
"This Is What It Feels Like To Have ADHD",1
"Women Try A Diva Cup For The First Time",1
"How Well Do You Know The Lyrics To ""I Can't Feel My Face"" By The Weeknd",1
"How Posh Are Your Food Habits",1
"21 Gifts To Give Yourself When Adulting Is Too Hard",1
"28 Things That Will Make You Feel Old AF",1
"7 Essays To Read: Getting Ghosted, No Sex 'Til Marriage, And Sexist Books",1
"What Job Would You Have In The ""Game Of Thrones"" World",1
"12 Dumb Ways To Drink A Beer",1
"Send This To The Person Who Gives Bad Gifts",1
"Which Of The Great Lakes Are You",1
"Here's How To Make The Ultimate Pinterest Face Mask",1
"31 Delightfully Bizarre Gifts That Cost $10 Or Less",1
"We Can Guess Your Chipotle Burrito Order With A Single Question",1
"This Artist Is Making Traditional Oil Paintings Of London Grime Artists",1
"Which ""The Walking Dead"" Character Are You Based On Your Taste In Music",1
"16 Italian Landmarks That Are Actually Crap",1
"28 Insanely Clever Halloween Costumes For Your Inner Geek",1
"If DJ Khaled's Snapchat Captions Were Motivational Posters",1
"23 People Who Look Drop Dead Amazing Wearing Brown Lipstick",1
"15 Snapchats Only People From California's Central Valley Would Send",1
"28 Times Tumblr Told The Truth About Hypochondria",1
"31 Celebrity Bulges That Went Hard In 2015",1
"People Tried Their Own Urine For The First Time And They Were Disgusted",1
"22 Adorable Dog Collars Every Dog Owner Needs",1
"29 Times Tumblr Had Jokes About ""High School Musical""",1
"21 Brilliantly Organized Closets That Will Make You Want To Clean",1
"After Receiving 137 Rejections From Publishers, This Poet Became A Tumblr And Instagram Star",1
"Watch Hilary Duff's Soul Get Crushed As She Realizes She Got A Parking Ticket",1
"21 Stunning Photos Of Newfoundlands And Labradors",1
"We Know Your Favorite Unexpected Disney Or Pixar Villain Based On Your Favorite Taylor Swift Song",1
"How To Hack Your Chipotle Order",1
"Zac Efron Wore A ""Bae Watch"" Shirt To ""Baywatch"" Rehearsal",1
"Here's What You Should Watch On Netflix During The Blizzard",1
"Can We Guess Your Age Based On Your Apps",1
"Why These Celebrities Chose Historically Black Colleges",1
"Lil Bub Is Announcing Her First Album Right Here, Right Now",1
"21 Pictures That Pretty Much Sum Up Being A Human",1
"Here's What Happened When I Made A Three-Course Meal Using Just A Microwave",1
"16 Canadians Who Just Aren't Ready For Another Winter",1
"Britney Spears 9 Years Ago Vs. Today",1
"23 Gifts For The Clean Freak In Your Life",1
"24 Times Toast The Dog Won Us Over In 2015",1
"The Naked Rowers Are Back With Their 2016 Calendar",1
"How Well Do You Remember The Second Season Of ""The Simpsons""",1
"We Took People Who Were Terrified Of Snakes And Had Them Face Their Biggest Fear",1
"Taco Pie",1
"Here's An Eye-Opening Reminder From J.K. Rowling That You're Probably Saying ""Voldemort"" Wrong",1
"Things Kim Kardashian Has Said That'd Be Weird If You Said Them",1
"Shaggy Returns With The Ultimate Diss Track, ""GFY""",1
"Aaron Tveit Singing A Stripped-Down ""Defying Gravity"" Will Awaken You",1
"68 New Year's Resolutions That Will Help You Own Your Twenties In 2016",1
"This Trainer Intentionally Gained 70 Pounds So He Could Help A Client Lose Weight",1
"Which Oscar-Nominated Actor Should You Hook Up With Based On One Question",1
"Can You Identify These TV Shows Based On Their IMDb Descriptions",1
"Which Celebrity Should Be Your First Famous BFF",1
"24 Reasons To Start Watching ""Vicious"" Right Now",1
"23 Questions We've Always Had About ""Lizzie McGuire""",1
"Which Celebrity Should Be Under Your Tree On Christmas Morning",1
"22 Struggles Every 1890s Woman Will Understand",1
"19 Ridiculous Lies Literally Everyone Told As Kids",1
"36 Tweets Guaranteed To Make British People Laugh Every Time",1
"Let's Be Real People Were Definitely Banging At Hogwarts",1
"J.Lo Has A Sassy Hand Wave That Is The Most Relatable Thing Ever",1
"The Two Movies We'll Be Talking About For The Rest Of The Year",1
"Thousands Of People Are Sharing Diplo's Facebook Post About Filming ""Lean On"" In India",1
"19 Times Zac Efron Proved He's An Insta-God",1
"21 Things You'll Understand If You're Slightly Obsessed With Your Eyebrows",1
"21 Outrageously Creative Ways To Make Meatballs",1
"Can We Tell If You're From Pennsylvania",1
"Here's How The Victoria's Secret Fashion Show Changed Over 20 Years",1
"Can We Guess Your Personal Life Philosophy",1
"21 Struggles That Are Too Real For People Who Blush Easily",1
"17 Productivity Hacks You Probably Shouldn't Try",1
"17 Tumblr Posts About Yoda Guaranteed To Make You Laugh",1
"What Should You Get For Christmas Based On Your Favorite ""Big Bang Theory"" Character",1
"Sarah Jessica Parker Had Trouble Not Judging Her ""Sex And The City"" Character",1
"What Cake Matches Your Personality",1
"We'll Sort You Into A Hogwarts House Based On Your Least Favorite House",1
"17 Times ""Chavo Del Ocho"" Perfectly Summed Up Your Life",1
"Craig David Sang An Updated Version Of ""Fill Me In"" And People Are Really Into It",1
"23 Things You'll Only Understand If You're The Mum Of Your Friend Group",1
"9 Rescue Dogs Sleeping In Their Beds For The First Time",1
"Who Said It: Jennifer Lawrence Or Katniss Everdeen",1
"What New Song Should You Play On Repeat This Weekend",1
"8 Struggles Of Being A New Yorker In L.A",1
"This Is What To Do If Someone's Tickling You",1
"Are You More ""In The Heights"" Or ""Hamilton""",1
"Kendall Jenner And Gigi Hadid Transformed This Homeless Kid Into A Hot Model",1
"We Know Your Fave ""Gilmore Girls"" Character Based On The Food You're Craving",1
"32 Times SpongeBob Perfectly Summed Up Your Life",1
"Would You Survive The Triwizard Tournament",1
"19 New Year's Resolutions All Lesbians Can Totally Get Behind",1
"The 23 Most Important Moments Of ""The Late Show With Stephen Colbert""",1
"What Does Your Love Life Need Based On Your Zodiac Sign",1
"Sailor Senshi Imagined As Disney Princesses",1
"Are You More Afraid Of The Deep Sea Or Outer Space",1
"Today Is National Working Naked Day, So Take Off All Your Clothes",1
"If Hogwarts Were A College",1
"I Went To Sephora And Asked Them To Make Me Look Like Kylie Jenner",1
"The 12 Stages Of Gay Sex",1
"15 Things That May Or May Not Be Amaze",1
"Mumbai Is Sending Powerful Messages Of Love, Support, And Solidarity For Paris",1
"11 Real Retail Worker Confessions",1
"This Couple's ""Drunk History"" Version Of How They Met Is Pure Gold",1
"Do You Have Seasonal Allergies Or A Dybbuk",1
"26 Hilarious Tweets About Birth Control That Will Get You Every Time",1
"Wrapping The Perfect Present",1
"These Are The Coolest Products From 2015",1
"Get Ready For Another Crazy Season Of ""House Of Cards""",1
"17 Times Jordin Sparks Totally Slayed The Instagram Game",1
"18 Presentations That Would Make You Pay Attention In Class",1
"9 Illustrated Tweets Guaranteed To Make You LOL",1
"This New Gray Burger From McDonald's Has Everyone Saying WTF",1
"We Need To Talk About Merlin On ""Once Upon A Time""",1
"I'm Homeless, But I'm Not",1
"Is This Boy In A Boy Band",1
"16 Times Calum Hood Was The King Of Instagram",1
"Here's 100 Years Of Bollywood Cinema In Under Four Minutes",1
"When Abuela Buys You Christmas Gifts",1
"Weird Thoughts You Have At The Dentist",1
"17 French Fry Creations That Are Better Than A Boyfriend",1
"37 Trunk-Or-Treat Ideas That Are Guaranteed To Win Halloween",1
"We Know Which 2015 Album Best Represents Your Year Based On One Question",1
"Thoughts During A Manicure",1
"Can You Tell What Joke It Is From ""The Simpsons"" From Just One Still",1
"Would You Pass Fourth Grade Anatomy Today",1
"Which ""Star Wars: The Force Awakens"" Actor Should Be Your Best Friend",1
"18 Problems Only People Who Are Always Cold Understand",1
"10 Excuses To Use To Play Hooky For ""STAR WARS: THE FORCE AWAKENS""",1
"9 Charts All Makeup Lovers Can Totally Relate To",1
"Advice From Graduates That Will Make Freshers' Week Less Terrifying",1
"A Veteran Had The Most Heartwarming Response To A Little Girl's Question",1
"Put These Songs On At Your Holiday Party If You Want Everyone To Murder You",1
"Hayao Miyazaki Is Making A Magical Nature Park For Children And You Have To Visit",1
"Asexual People Answer Questions You Have",1
"19 Michael Scott Moments Guaranteed To Make You Laugh",1
"15 Confessions About What It's Like To Have A Work Wife Or Husband",1
"Can You Spot Which Is The Real Simpsons Character",1
"What's The Stupidest Way You've Ever Broken Your Computer",1
"If Bravo Shows Had Honest Titles",1
"20 Great Ideas That Ended In The Worst Possible Way",1
"21 Ladies Who Killed It At The ""Essence"" Street Style Block Party",1
"Can You Find The Taylor Swift Songs Hidden In This Crossword",1
"21 Pictures About Work Guaranteed To Make You Laugh",1
"12 Charts Only Sephora Lovers Will Understand",1
"Cara Delevingne And Annie Clark Together At London Fashion Week Will Literally Make Your Heart Ache With Joy",1
"Kids Play With Tamagotchi",1
"There's A Part Of Your Facebook Profile You Might Have Forgotten People Can See",1
"Here's Proof That Cats Know They're The Boss Of Everyone",1
"29 Tweets That Every Single Hairdresser Will Relate To",1
"24 Situations That Will Make You Cringe Until You Cry",1
"This 45-Year-Old Blind Man Climbed To Machu Picchu In Just 13 Hours",1
"Things Got Rather Awkward When '90s Kids Danced To The ""Macarena"" Solo",1
"Burning Man Experience Generator",1
"What Is Your ""American Horror Story"" Porn Star Name",1
"17 Ways To Make Your Shower The Best Place On Earth",1
"We Can Predict Your Romantic Future With Just 3 Questions About Your Taste In Bollywood Movies",1
"The Struggle Of Being Mixed Race",1
"This Interview With Jennifer Lawrence Is The Most Jennifer Lawrence Thing To Happen",1
"Here's What Happened When English Footballer Harry Kane Labelled NFL Teams On A Map",1
"Justin Trudeau Had The Perfect Response To A Question About Gender Balance",1
"Here's Our First Look At Kerry Washington As Anita Hill In ""Confirmation""",1
"Can You Tell Which Pop Star Is Older",1
"23 Made In America Clothing Brands You Should Know",1
"23 Healthier Versions Of Your Favorite Holiday Treats",1
"19 Things All People With Trust Issues Will Understand",1
"Someone Needs To Invent This App That Plays Nickelback Songs To Stop You From Stalking Your Ex Online",1
"21 Beautiful Wedding Desserts That Are Better Than Traditional Cake",1
"Can We Guess Your Favorite Chocolate Based On Your Zodiac",1
"8 Ways To Style Your Hair For The Gym That Are Actually Awesome",1
"This Woman Cut Her Vagina While Trimming",1
"Ariel Winter And Her Breast Reduction Scars Are Not Here For Your Body-Shaming",1
"Find Out Your Horoscope For The Week Of November 23",1
"We Know How Your New Years Eve Will Be Based On Your Favorite Dog",1
"19 Struggles Of Being A Person Who Can't Burp",1
"The Best End-Of-The-Year Mashup Of 2015 Is Finally Here",1
"17 Street Artists To Bring Some Anarchy To Your Instagram Feed",1
"21 Reasons John Boyega Is Human Perfection",1
"How Much Do You Spend On Mental Healthcare",1
"23 Things You'll Understand If You're In A Committed Relationship With Your Hair Straighteners",1
"What Free Health And Fitness Apps Should Everyone Know About",1
"This Woman Is Trying To Make Fake Freckles The Next Big Beauty Trend",1
"10 Reasons The Starbucks Red Cup Is The Most Magical Thing Ever",1
"This British Rapper Is Trying To Find Out Why His Father Killed Himself",1
"22 Reasons You Need To Start Watching ""Outlander"" Immediately",1
"The ""Star Wars: The Force Awakens"" Poster Holds Some Tantalizing Questions",1
"12 Confessions From People Who Struggle With Depression",1
"18 Truths For People Who Love Wine",1
"How Well Do You Actually Match Colors",1
"21 Pictures Only ""The Hobbit"" Fans Will Think Are Funny",1
"17 Genius Tips For Dealing With Impostor Syndrome",1
"Detectives Play Clue",1
"23 Perfect Gifts For Anyone Obsessed With Butts",1
"17 Spot-On Gifts For Your Friend Who Hates Wearing Pants",1
"Would You Remove A Pot From The Head Of This Leopard",1
"This Word Association Test Will Tell You If You're More Realistic Or Idealistic",1
"This Cursing Coloring Book Is Fucking Brilliant",1
"Caribbean People Tried Each Other's Desserts And Had A Blast",1
"19 Strikingly Beautiful Italian Baby Names That Are About To Take Over",1
"This Woman Finding Out Her High School Crush Has A Hot New Girlfriend Is All Of Us",1
"19 Last-Minute Elf On The Shelf Ideas",1
"23 Of The Most Gorgeous Pieces Of Miyazaki Fan Art",1
"23 Life-Changing Apps We Downloaded This Year",1
"#FreeTheNipple Investigated By Naked Mike",1
"We Need To Talk About The Pussycat Dolls",1
"What Does Your Outfit Say About You",1
"18 Slightly Horrifying Airport Moments That Will Make You Say ""WHY?!""",1
"So, Uh... There's Gonna Be A Bollywood Movie About A Guy Whose Dick Turns To Gold",1
"Watch This Trans Teenager's Emotional Reaction To Getting Her First Dose Of Hormones",1
"When People Can't Text You Back",1
"What Percent Night Owl Are You",1
"25 Inspiring Harry Styles GIFs To Get You Through Finals Week",1
"When You're Not Over Your Ex",1
"17 Fall Breakfasts That Will Satisfy Your Sweet Tooth",1
"What Kind Of Animal Is On Niall's Shirt In The New One Direction Music Video",1
"Here's A T-Rex Riding A Soccer-Playing Horse Because Of Course",1
"Jennifer Lawrence Texted Amy Schumer That She Looked ""Pretty But Not Smart"" At The Emmys",1
"Scientific Santa Facts That Will Ruin Christmas",1
"30 Qualities Of A Good Home Cook",1
"Tell Us About Yourself(ie): Jon Glaser",1
"Which Of The Kids In The Hall Is Your Soulmate",1
"This Is What Ursula Would Look Like If She Lived In Different Ocean Environments",1
"Stop Working And Play With This Interactive Puppy Video",1
"7 Weeknight Dinners That Everybody Will Love",1
"We Know Which Celeb Should Be Your Valentine Based On Your Favorite Cat",1
"Which Classical Composer Best Suits Your Taste",1
"12 Glorious Baileys Cocktails That Will Delight Your Tastebuds",1
"22 Questions Not To Ask Your Queer Relatives This Christmas",1
"Why Trans Women Have Complicated Relationships With Halloween",1
"Are You More Demi Lovato Or Poot",1
"17 Surefire Ways To Make A Hipster Cry",1
"Here's What You Need To Know About This Breathtaking Waterfall Castle",1
"What's The Best Fanfiction You've Ever Read",1
"What Do You Really Need To Hear Right Now",1
"7 Easy Organizing Ideas You'll Actually Want To Try",1
"16 Very Honest Confessions About Sexual Frustation",1
"We Know Your Future Celebrity Husband Based On Your Birth Month",1
"Which Halsey Song Are You",1
"54 Leather Bags That Are Actual Leather And Actually Affordable",1
"29 Childhood Snacks That Sadly Didn't Return In 2015",1
"Which Gangster Movie Bride Are You",1
"27 Reasons You Should Watch The Local News More Often",1
"6 Women + 1 Spooky Lip Color",1
"18 Gorgeous University Campuses That Will Make You Proud To Be Canadian",1
"Get The Best Of BuzzFeed's Reporting With Our Sunday Stories Newsletter",1
"Ruby Rose Is Not Happy At All About These Revealing Photos Being Published",1
"We Know What You Should Buy Your Valentine Based On One Question",1
"Find Out Your Horoscope For The Week Of October 5",1
"The Vape God Of Instagram",1
"An Artist Has Reimagined Popular TV Shows With An All-POC Cast",1
"We Know Your Zodiac Sign Based On Your Favorite Pop Star",1
"21 Photos You'll Understand If You're Slightly Obsessed With Hi-Chews",1
"7 Essays To Read: Finding Feminism, Loss, And Having Brain Surgery While Awake",1
"Here's The Cast Of ""Jessica Jones"" Next To Their Comics Counterparts",1
"This Stunning Photo Captured The Split Second Hot Tea Froze In Mid-Air",1
"13 Plant-Tastic Halloween Costumes",1
"Can You Guess Which Robots Know How To Love",1
"There's A Crazy Dessert Trend This Year Called ""Piecaken""",1
"19 Ways To Throw Your Kid The Ultimate Birthday At Disneyland",1
"Inside The New Feminist Show You Need To Watch Right Now",1
"21 Pictures That Are Way Too Real For People Who Grew Up With Strict Parents",1
"We Know Your Favorite ""Gossip Girl"" Character Based On Your Favorite ""Harry Potter"" Character",1
"Which Song From Selena Gomez's ""Revival"" Should You Be Listening To",1
"How Many Of These Logos Do You Recognize",1
"We Can Guess Your Age With Just Three Questions About Your WhatsApp Habits",1
"Which Off-Brand Halloween Costume Should You Wear",1
"You Need To Take The New Pottermore Sorting Quiz Immediately",1
"The 11 Types Of Kids We All Grew Up With",1
"This Woman Made A Photo Series About Every Stage Of Her Mastectomy",1
"We Know Your Personality And Age Based On Your Favorite TV Show",1
"We Know What Career You Should Actually Have Based On These Five Questions",1
"Alan Rickman Wrote The Perfect Farewell To ""Harry Potter""",1
"12 Times Dwight Schrute Was Just Too Much",1
"How Spooky Are You Actually",1
"Transparent Creator: ""We Have A Trans Civil Rights Problem""",1
"31 '90s Products You Can Still Find",1
"This Little Trick Will Save Your Tights From Total Destruction",1
"24 Photos That Will Make You Wish You Went To Mermaid School",1
"We Need To Talk About Justin Bieber's Hair",1
"How Well Do You Actually Know The Laws Of Rugby",1
"This Quiz Will Tell You Which Breakfast Cereal Matches Your Personality",1
"These Facts Will Make You Want To Throw Away Your Makeup",1
"We Know Your Zodiac Sign Based On The Ice Cream Drumstick You Choose",1
"Can You Identify The Miyazaki Character By Just Their Eyes",1
"This Video Perfectly Captures The Struggles Indian Women Face When Finding A Public Toilet",1
"19 Things Women Who Love Wine Just Get",1
"16 Painfully Honest Confessions From People Into BDSM",1
"Snapchat Vs. Real Life",1
"21 Of The Best Things That Ever Happened In An Apple Store",1
"Ryan Gosling Thinks ""The Big Short"" Co-Star Steve Carell Is A Liar",1
"Wait, What The Fuck Is Going On With This Water Pouring Illusion",1
"Can You Find The Genitalia Hidden In This Crossword",1
"These Two Dogs Are The Real Life Elsa And Anna",1
"10 Top Fashion Tips From Stylish Plus-Size Guys",1
"Are You And Your Best Friend More Kendall And Cara Or Kendall And Gigi",1
"We Know Your Zodiac Sign Based On Which Image Of Ben Wyatt You Choose",1
"A Priest, Rabbi, And Imam Discuss Gay Rights & More",1
"17 Entirely Unnecessary Beauty Products That Actually Exist",1
"26 Cats Working Towards The Destruction Of The Patriarchy",1
"You Will Never Be Able To Unsee Donald Trump As Dolores Umbridge",1
"17 Misconceptions Sorority Girls Want To Set Straight",1
"What Does The Week Of September 14 Have In Store For You",1
"Aaron Tveit Walks Us Through His Career Milestones",1
"The President And First Lady Sang ""Happy Birthday"" To Usher",1
"How To Make Sheet Pan Salmon With Crispy Kale",1
"Apparently In Texas You Get Pickles When You Go To The Movies",1
"5 Easy, Healthy Habits That Anyone Can Take Up",1
"Friendly Reminder That Victoria Beckham Used To Dress Like This In The '00s",1
"Which TV Character Should You Be For Halloween This Year",1
"If You Thought Your Hotel Safe Was Secure, Think Again",1
"11 Amazing Chicken Wings From Around The World",1
"Times Of India Called Alan Rickman The Villain Of The ""Harry Potter"" Series In His Obituary",1
"18 Adults Reveal Their Horrifyingly Weird Stories About How They Lost A Tooth",1
"Calvin Harris Congratulated Taylor Swift With A Cute Instagram Post",1
"These Kids In Tijuana Crossed The Border Every Day To Go To School In America",1
"26 Things You'll Understand If You're Sightly Obsessed With Wine",1
"Watch 100 Years Of Brazilian Beauty In A Little Over A Minute",1
"How Many Food Court Places Have You Eaten At",1
"23 Things Every Music Nerd Will Find Funny",1
"19 Breathtaking Avocado Toasts That Happened In 2015",1
"29 Very Real L.A. Problems",1
"Lego Reportedly Responds To Requests For Inclusivity With New Toy In Wheelchair",1
"Which Dancer From Justin Bieber's ""Sorry"" Video Are You",1
"This Woman Perfectly Trolled Her Husband On His Wedding Ring",1
"Try These Cocktails While You Watch Your Favorite CW Show",1
"What Has Helped You To Stop Self-Harming",1
"We Tried The Condom Challenge Because Why Not",1
"20 Solo A Cappella Videos That Are Truly Masterpieces",1
"31 Songs From The Early '00s Women Will Never Forget",1
"Dude, Here's How To Make Your Clothes Last Longer",1
"We Know The Perfect Board Game For You Based On Your Zodiac Sign",1
"37 Things The Kardashians Have 100% Actually Said",1
"What's The Best Thing To Buy At Trader Joe's",1
"17 Brilliant Things That'll Keep You From Ever Having To Share",1
"A Group Of Young Indians Revealed The Lies Their Parents Told Them As Kids",1
"Here's How You Can Actually Make Money While You Travel",1
"16 Maharashtrian Foods You Need In Your Life Right Now",1
"You Will Actually Die From How Mind-Blowing The New Circle K Logo Is",1
"19 Times Barney Stinson Was The Real Romantic On ""How I Met Your Mother""",1
"What It Feels Like When Everyone Is Making Art But You",1
"An Adorable Animals Advent Calendar: December 13",1
"19 Times Henry Cavill's Jawline Was Out Of Control",1
"An Ode To Yolanda Foster's Malibu Mansion",1
"These Two Were The Cutest Part Of Trudeau's Swearing-In Ceremony",1
"Here's How To Not Get Sick When You're Traveling",1
"What's Your Best Australian-Inspired Halloween Costume",1
"You've Been Eating Brie Cheese Wrong Your Entire Life",1
"29 Hilarious Tweets About Going To The Gym",1
"21 Hungry Dogs Who Want All Your Food",1
"This Toddler Headbanging And Air Drumming To His Favourite Band Is The Cutest Thing You'll See Today",1
"19 Honest Confessions That Are Too Real For People Who Are Painfully Shy",1
"These Men Tried To Groom Their Own Eyebrows",1
"Never Forget Hilary Duff Once Sucked A Dude's Thumb In A Music Video",1
"13 Horror Comics That Will @#$%&! You Up",1
"Which Hogwarts Houses Do These ""Friends"" Characters Belong In",1
"Natalie Dormer Possibly Dropped A New Hint About Jon Snow's Fate",1
"What Is It Like To Be A Man With An Eating Disorder",1
"Here's How To Do Therapy On Yourself, According To A Therapist",1
"11 Incredibly Cool Places Where You Should Totally Have A Star Wars Staycation",1
"These Spicy Slow Cooker Carnitas Are The Perfect Weeknight Dinner",1
"A Dying Mom Penned A Touching And Funny Note To Say Goodbye To Her Loved Ones",1
"17 Insanely Relatable Animal Vines",1
"10 Rare Pepe Gifts That'll Prove You're Not A Normie",1
"19 Things Everyone Who Owns A Flip Phone In 2015 Knows To Be True",1
"Tell Us What Tiny But Wonderful Things You Are So Thankful For This Year",1
"24 Times Jess From ""New Girl"" Was 100% Actually You",1
"Gabourey Sidibe Refuses To Back Down",1
"I Drew Disney Princesses Living In The Star Wars Universe",1
"31 Things To Do While You're Still Young",1
"Women Reveal Their First Encounter With Porn",1
"Doggy-Style Vs. Missionary: Can You Guess Your Partner's Favorite Sex Position",1
"Are You Team Haleb Or Team Spaleb",1
"Pursuing Happiness As A Trans Woman Of Color",1
"18 Unbelievably Rude Texts From Your Anxiety",1
"18 Things Every Beer Drinker Needs To Know",1
"If You Were A Herb, What Would Your Name Be",1
"Here's The First, Action-Packed Trailer For ""Allegiant""",1
"All 78 ""Treehouse Of Horror"" Segments Ranked From Worst To Best",1
"Tell Us About Yourself(ie): Luke Bryan",1
"22 Of The Most Incredible ""First"" Pictures From History",1
"This Video Shows What Happens When Single People End Up On Awkward Blind Dates",1
"Which ""Inside Amy Schumer"" Character Are You",1
"21 Teachers Who Are So Fucking Done",1
"Can We Guess Your Age Based On Which Colors Your Choose",1
"This Color Inkblot Test Will Reveal Your Sexual Fantasy",1
"We Know Your Height Based On Random Questions",1
"Show Us Your Colorful Tattoos",1
"How Many British Movies Did You Watch In 2015",1
"16 Faces All Latinos Will Recognize Around The Holidays",1
"Can We Guess Your Taste In Men Based On Your Makeup",1
"For Everyone Whose Sexual Awakening Was Caused By David Bowie In ""Labyrinth""",1
"People Make Their Ideal Starbucks Cup",1
"21 Desserts That Prove Bourbon Makes Everything Better",1
"What ""Harry Potter"" Character Are You Based On Your Birth Month",1
"Disney Princesses As ""The Crow""",1
"31 Gorgeous Furniture Upgrades For Your Grown Up Apartment",1
"We Surprised Our Coworkers With BB-8 And Here's What Happened",1
"15 Australian Animals Who DGAF",1
"Here's What Happened When I Tried Five ""Easy"" And ""Cheap"" Office DIYs",1
"Do You Remember Which Disney Star Sang These Lyrics",1
"Mom Vs. Daughter: Who Can Make The Best Enchiladas",1
"21 Things Women Who Do Their Makeup On Public Transport Know To Be True",1
"Which Belle And Sebastian Album Should You Listen To Right Now",1
"10 Life-Changing Things To Try In 2016",1
"10 Life-Changing Things To Try In November",1
"How Deadpool Are You",1
"This Is What The Minor Characters From ""The Office"" Look Like Now",1
"Gerard Butler Looked Like Grumpy Cat At The Golden Globes Afterparty",1
"Public Service Announcement: Zayn Is Now On Snapchat",1
"19 Mind-Blowing Pancakes Guaranteed To Change Breakfast Forever",1
"Are You More ""Laguna Beach"" Or ""The Hills?""",1
"27 Times ""Hannah Montana"" Accurately Described Being A College Student",1
"19 Ways To Not Look Like A Giant-Ass Sleeping Bag This Winter",1
"26 Signs You're 26",1
"28 Alternative Pixar Halloween Costume Ideas",1
"19 Dorm Room Tips That'll Get You Instantly Organized",1
"DJ Khaled's Snapchats Are The Perfect Fortune Cookies",1
"23 Holiday-Themed ""Star Wars"" Jumpers That Are Out Of This World",1
"26 Of The Most Dangerous Things Pit Bulls Did In 2015",1
"Nick Offerman And Megan Mullally Are Really Into Puzzles And It's Totally Adorable",1
"Which Terrain From Taylor Swift's ""Out Of The Woods"" Music Video Are You",1
"FYI, The New Power Rangers Are Hot As Hell",1
"Watch Kendall And Kylie Jenner Pretend To Do Karaoke In A Friend's Music Video",1
"10 Perks Of Having Small Boobs",1
"Which Albus Dumbledore Quote Should Be Your Life Motto",1
"Everyone Lost Their Minds About New ""Gilmore Girls"" Episodes Officially Coming To Netflix",1
"This Korean Pop Star Can't Stop Falling On Stage During Her Performance",1
"17 Celebrity Instagrams You Need To See This Week",1
"Jimmy Fallon's Puppies Predicted The Broncos Will Win The Super Bowl",1
"This Artist Turns Pantone Colors Into Delicious Smoothies",1
"19 Scrumptious Thanksgiving Casseroles Guaranteed To Impress Your Guests",1
"21 Candid Photos Of Old Hollywood Celebs",1
"The 54 Absolute Worst Things About Fall",1
"What Disney Home Should You Live In",1
"17 Embarrassing Church Horror Stories That'll Make You Cringe",1
"This Test Will Determine What Type Of Sex Matches Your Personality",1
"Nobody's Satisfied After ""Hamilton"" Ticket Lottery Website Completely Failed",1
"31 Of The Funniest Moments To Ever Happen On ""Desperate Housewives""",1
"22 Hilarious Pictures Only ""The Walking Dead"" Fans Will Understand",1
"We Know Who Your First Love Will Be In 2016",1
"22 Behind-The-Scenes Photos Backstage At The Victoria's Secret Fashion Show",1
"20 Vintage Inventions That Are Actually Borderline Genius",1
"7 ""Scream Queens"" Questions That Are Impossible To Answer",1
"23 Tweets That Are Way Too Funny For Anyone With Boobs",1
"Grandmas Play Cards Against Humanity",1
"17 Confessions From Backpackers That Will Make You Laugh Out Loud",1
"15 Ooey Gooey Snacks That Take Cheese To The Next Level",1
"Sonakshi Sinha's Knee Looks Like Satish Shah's Face",1
"19 Thoughts Everyone Has While Watching ""House Hunters""",1
"14 Graphs That Are Too Real For Any Student With Social Anxiety",1
"California City Changes Name From San Bernardino To Bernie Sanderino In My Dreams",1
"David Beckham Looks Ridiculously Hot In These Behind-The-Scenes Photos",1
"Jennifer Lawrence Wore A Jacket That Says ""Perv""",1
"29 Places To Shop For Your Wedding Online That You'll Wish You Knew About Sooner",1
"Things Christians Want You To Know",1
"17 Stupidly Wonderful Clothing Items You Can Actually Buy This Fall",1
"Which Zodiac Sign Are You Most Incompatible With",1
"We Know Your Zodiac Sign Based On Which Cat You Choose",1
"15 Tee Shirts For People Who Put Hot Sauce On Their Hot Sauce",1
"17 Things That Happen When You Don't Eat Meat And It's Thanksgiving",1
"The Worst Types Of Roommates",1
"Which Character From ""The Grinder"" Are You",1
"Which ""The Voice"" Team Would You Be On",1
"This Question Will Determine What Style Glasses You Should Get",1
"Which ""Pretty Little Liars"" Character Are You Based On Your Zodiac Sign",1
"16 Truths For People Who Fucking Love Naps",1
"Krampus Is The Terrifying Holiday Movie You Didn't Know You Needed",1
"Which Subtle Tattoo Should You Get Based On Your Zodiac Sign",1
"We Asked People What Their Self-Care Routines Are",1
"These Are 15 Things Every Grown-Ass Woman Should Have",1
"Fast Food Fried Chicken Taste Test",1
"17 Birds Who Are Complete Assholes",1
"Can You Guess Which Letter Has Been Added",1
"19 Tweets That Are Too Funny If You Love Beauty",1
"This Woman Is Posting Heartbreaking Stories About Mental Health On Instagram To Fight Stigma",1
"When Adele Releases A New Song",1
"13 Photos Of Shemar Moore To Be Thankful For",1
"I Rewatched ""Charlie's Angels"" With My Middle School Best Friends 15 Years Later",1
"Someone Just Made A Desk That Allows You To Sleep Comfortably At Work",1
"26 Times The Indian Internet Blew Up In 2015",1
"We Tried Animal Balls, Brains, Udders, And Tongues",1
"Here Are All The Winners At The 2016 BAFTAs",1
"This 30-Year-Old Man Had To Change His Email Address Because His Name Is Taylor Swift",1
"What's Your Chocolate IQ",1
"15 Delectable Ways To Use Up That Leftover Halloween Candy",1
"ALERT: Adele Released Three Bonus Tracks That Probably Aren't On Your Copy",1
"6 Questions You Seriously Need To Ask Yourself",1
"25 Adorable Presidential Pet Photos That Will Melt Your Heart",1
"Poll: What's The Best Karaoke Song Of All Time",1
"This Is The Only Way You Should Be Eating Pumpkin Pie",1
"26 Things You Haven't Cared About In 11 Years",1
"Problems Every Gangly Girl Will Understand",1
"People Are Angry After A Yoga Teacher Said A School Suspended Her Class Over ""Cultural Issues""",1
"24 Reasons To Add Tattoos To Your Wedding",1
"This 70-Year-Old Woman's Reason For Being Single Will Give You A Whole New Level Of Goals",1
"21 Things Tim Hortons Employees Secretly Wished You Knew",1
"What Does Your Favorite Musical Symbol Say About Your Personality",1
"19 Hair Tips & Tricks For People Who Suck At Doing Hair",1
"23 Products For Anyone Who Is Actually Tina Belcher",1
"What's Your Favorite Story From Your Time In A Black Fraternity Or Sorority",1
"Which Of Justin Bieber's Hairstyles Are You",1
"Amandla Stenberg Co-Wrote A Comic Starring A Young Black Hero",1
"American Santas Try Mince Pies",1
"Rebel Wilson Wants One Direction Fans To Know She Didn't Grope Harry Styles",1
"The ABCs According To ""Law And Order: SVU""",1
"This Restaurant Has Been Selling Sandwiches Named After Alleged Rapists And Violent Men",1
"19 Hysterical Tweets About Midterms",1
"23 Reasons Why ""The Princess Bride"" Is The Most Important Movie In Your Life",1
"The Perfect Anywhere Workout",1
"What Date Would Zac Efron Take You On",1
"Here's Why You Shouldn't Care About How Damn Cold It Is",1
"How The Seasons Of ""American Horror Story"" Connect",1
"Tell Us Whether These Things Are Foods Or Drinks",1
"Do You Belong With Chuck Bass Or Nate Archibald From ""Gossip Girl""",1
"How Big Of A Christmas Film Fan Are You Actually",1
"How Well Do You Remember ""Freaky Friday""",1
"How Bitchy Are You",1
"A Man Walks For The First Time After Years Of Paralysis And It's Incredibly Inspiring",1
"We Know Your Zodiac Sign Based On Your Taste In Music",1
"Adorable Red Panda Cubs Make Public Debut At Chicago Zoo",1
"19 Times ""Adventure Time"" Really Wanted To Make You Cry",1
"19 Celebrities You Didn't Know Had Hot Sons",1
"What Should Your Instagram Color Scheme Be",1
"12 Places That Will Make You Wish You Lived Underground",1
"17 Low-Sugar Dessert Recipes You Need To Try ASAP",1
"Which Of These Popstars Actually Wrote Their Own Songs",1
"Diwali, As Explained By My Brown Dad",1
"23 Historic Pictures From The Macy's Thanksgiving Day Parade",1
"Can I Make You Fess Up To A Crime",1
"95 Thoughts All Anxious People Have In A New Relationship",1
"What Does GOP Even Stand For",1
"This Double-Face Halloween Makeup Look Is Trippy AF",1
"Bobby Flay And His Cat Are The Most Magical Duo Ever",1
"How Many Of These Award-Winning TV Shows Have You Seen",1
"We Bet You Can't Name All 30 NHL Teams In 5 Minutes",1
"19 Times Buffalo Bills Fans Lost Their Minds In 2015",1
"According To Taylor Swift's Twitter Faves, She And Calvin Harris Are Probably Still Together",1
"15 Words That Mean Something Completely Different At Tim Hortons",1
"How Well Do You Remember ""I Write Sins Not Tragedies"" By Panic! At The Disco",1
"This Puppy Wanted To Say Hello So Bad That He Got His Head Stuck In A Wall",1
"19 Hilarious Tweets About Kids That Will Make You Laugh Out Loud",1
"Here Are The Reasons Why Plus-Size Women Don't Care That You Think We're Fat",1
"Watch These Americans Try Different International Food Combos",1
"Marceline The Vampire Queen Ranks Her 13 Favorite Vampires",1
"31 Gifts You'd Actually Want To Find In Your Christmas Stocking",1
"25 Things Every College Student Should Know About Dealing With Social Anxiety",1
"12 Trees That Would Be Getting Tons Of Ass If They Were Human",1
"23 Scones That Are Here To Shake Up Tea Time",1
"Vancouver Just Had The Cutest Yoga Class To Ever Exist",1
"Can You Identify These ""The Simpsons"" Characters By Their Feet",1
"Caitlyn Jenner Says Her Favorite Holiday Tradition Is Kris's Christmas Eve Bash",1
"This Adorable Little Girl Proves That Not Every Girl Wants To Be A Princess",1
"These Are The Photos By Indians Shortlisted In The World's Biggest Photography Contest",1
"24 Great Movies You Likely Missed This Year, But Should Totally See",1
"On ""Learning"" Blackness",1
"We Tried Stand-Up Comedy For The First Time And It Was Just Awful",1
"6 Essential Steps For Making The Perfect Cup Of Tea",1
"See Masculinity Reimagined In These Stunning Portraits",1
"What Happens When You Put Teeth In Soda",1
"85 Thoughts I Had As A Canadian While Shopping In America",1
"Do You Remember The Lyrics To ""Beautiful"" By Christina Aguilera",1
"This New Infographic Shows Exactly Why You Need To Get Tested",1
"16 Things You Didn't Know Happened In Dementia",1
"We Invaded Three Queer Lady Couple's Apartments To See What It's Like After The U-Haul",1
"Serena Williams Went Tubing With Colton Haynes And OMFG She's Flawless",1
"Which Famous YouTuber Should Be Your Valentine",1
"Baby Eats Bacon For The First Time, Reaches Peak Satisfaction",1
"A DC Comic Called Pakistan's Language ""Pakistanian"" And Twitter Is Having A Field Day",1
"We Got Mac Lovers To Try A PC And This Is What Happened",1
"17 Creepy Old Halloween Costumes With Prices That Will Truly Scare You",1
"Can You Identify The ""Game Of Thrones"" Characters By Their Eyes",1
"What Would You Text Back",1
"Amy Schumer Thanking Her Smokey Eye At The Emmys Is All Of Us",1
"Are You More Kate Or Maura From ""Sisters""",1
"Life Is Crazy And Rich People Can Send Themselves To Space, WTF",1
"18 Things You'll Only Understand If You're Slightly Obsessed With Socks",1
"79 Thoughts Two Idiot Americans Had During This Week's Episode Of Tatort",1
"This Couple Remarried Each Other 23 Years After Getting Divorced",1
"43 Songs You'll Love If You Graduated High School In The Late '00s",1
"Proof That ""Futurama"" Is The Funniest, Cleverest Show In History",1
"17 Scrumptious Reasons A Punjabi Household Is Heaven On Earth",1
"I Wore Crop Tops For A Week As A Plus-Size Woman And This Is What Happened",1
"Can We Guess Your Favorite Disney Movie Based On Your Zodiac",1
"17 Things All Girls With Too Much Hair Will Understand",1
"31 Books That Will Help You Better Understand Mental Illness And Disorders",1
"13 Marvel ""What If"" Stories That Totally Came True",1
"Can You Guess How Many Followers These Instafamous People Have",1
"29 Playlists To Listen To When Everything Sucks",1
"Which 5SOS Guy Are You",1
"15 Cute Ways To Let Everyone Know You Love Manatees",1
"What Absurd Science Question Do You Have About Star Wars",1
"17 Painful Photos Every Thirtysomething Can Relate To",1
"One Direction Revisited Natalie Imbruglia's ""Torn"" And It Will Give You The Feels",1
"Do You Know Which TV Show This ""B"" Is From",1
"26 Inspiring Dogs From NYC's Biggest Halloween Parade",1
"The Nintendo 64 Would Be A Sophomore In College Now If It Were Human",1
"Does Scott Give You Eastwood",1
"Dr. Zizmor Has Retired So No One In NYC Will Ever Have Clear Skin Again",1
"BuzzFeed Crossword: Acting Like A Director",1
"16 Men Who Need To Delete Facebook Immediately",1
"What Brand Of Fast Food Nachos Is Best",1
"We Know Which Bailee Madison Movie You'd Star In Based On Three Questions",1
"12 Disneyland Treats You Can Only Indulge In During The Holidays",1
"David Beckham Just Got Romeo The Best Birthday Present",1
"Everyone Is Freaking Out That Twitter Is Switching To An Algorithmic Timeline",1
"How Well Do You Remember Season 5 Of ""The Walking Dead""",1
"Anna Faris Thinks Chris Pratt's Balls Are Sexy And Perfect",1
"Find Out Your Horoscope For The Week Of Nov. 2",1
"Marco Antonio Solis And Jesus Christ Look The Same And It's Freaking Me Out",1
"Do You Know The Colours Missing From These Flags",1
"People Read Other People's Heartbreaking Coming Out Letters",1
"The 30 Most Important Cats Of 2015",1
"22 Tweets That Are Way Too Funny For Anyone Who Hates Wearing Jeans",1
"27 Ridiculously Cool Projects For Kids That Adults Will Want To Try",1
"Gender Politics: Which Sex Said It",1
"The Best Anti-Romantic Rom-Com You're Not Watching",1
"16 Weird Relationship Milestones",1
"We Know Your Best And Worst Qualities Based On One Question",1
"10 Life-Changing Things To Try In February",1
"Watch 100 Years Of Women's Lingerie In Three Minutes",1
"This Teen Ended Up On An ""Ugliest Girls"" Poll At Her School, But She Had The Best Response",1
"Seasonal Allergy Problems",1
"If This ""Great Detective Pikachu"" Game Doesn't Come To America I Will Scream",1
"Are You Lying When You Say You ""Love"" Kale",1
"17 Makeup Facts That Show Humans Will Do Anything For Beauty",1
"How Do Painkillers Know Where The Pain Is",1
"Here Are The Celebrities Who Have Come Out In Support Of Kesha",1
"What Percentage Cat Are You",1
"Can You Guess The Music Video Featuring Nicki Minaj From Its Screenshot",1
"9 Things It's Still OK To Love Now That Tennis Is Ruined",1
"We Need To Talk About Lex Luthor In ""Batman V Superman""",1
"Which Footballer Do You Weigh The Same As",1
"Can You Walk Through A Dark Room Without Stepping On A LEGO Brick",1
"Someone Please Teach The BBC How Tennis Works; They Keep Reporting Hingis Won Doubles Matches Alone",1
"Patti Labelle Cursed Out A Fan Who Stripped While She Performed On Stage",1
"23 Absolute Nightmares All Makeup Lovers Have Experienced At Some Point",1
"29 Things Non-Germans Find Bewildering About Germany",1
"23 Things You'll Only Relate To If You're Slightly Obsessed With Makeup",1
"We Know Your Favorite Disney Channel Original Movie Based On Your Zodiac Sign",1
"I Used To Be Ashamed Of My Fear. Then I Started Training As An Acrobat",1
"1 Indian + 1 Indian = Unrelatable: Television's Race Equations",1
"Here's How To Do The Rainbow Snapchat Filter IRL For Halloween",1
"12 Lessons Learned From Bad Sex",1
"What's The Most Underwhelming Celebrity Encounter You've Ever Had",1
"We Decided To Deep Fry Christmas Dinner And It's Life Changing",1
"Can You Figure Out The Secret Texting Acronyms In This Crossword",1
"31 Jack-O'-Lanterns That Don't Deserve To Die After Halloween",1
"Look At These Beautiful And Haunting Photos Of African Wildlife",1
"Which Celeb *Actually* Won Halloween 2015",1
"What Percent Vegan Are You",1
"We Need To Talk About Nuts In Brownies And Cookies",1
"15 Christmas Emojis You Could Definitely Use Right Now",1
"This Brainteaser Is Getting Shared All Over Facebook And Driving People Crazy",1
"This Is What The Cast Of ""The Fresh Prince Of Bel Air"" Would Look Like In 2015",1
"Top Model Jourdan Dunn Looks Fabulous On The Cover Of Vogue Brasil",1
"17 Valentine's Day Cards Full Of Hot Love And Emotion",1
"36 Things That Will Make Riding In Your Car So Much Better",1
"21 Things You'll Only Know If You And Your Best Friend Are Actually Grandmas",1
"Do You Remember Which '00s Pop Star Sang These Lyrics",1
"This Gum Commercial Is Making People Everywhere Weep",1
"73 Thoughts Every Woman On Tinder Has",1
"23 Easy Peasy Packed Lunch Ideas",1
"What Does Your Favorite Classic Video Game Mascot Say About You",1
"11 Surprising Never Nude Confessions",1
"The 25 Places You Must Explore In 2016",1
"Do You Recognize These 2015 Chart Toppers",1
"21 Reasons Why Tomatoes Are The Actual Worst",1
"What Sex Move Should You Try On Your Man Tonight",1
"Choose Your Own Death",1
"21 Words You Don't Really Understand Unless You're From Florida",1
"Jack Black Tried Halloween Pinterest Hacks And Became A Master Pinner",1
"Here's What Happened When Dudes Tried On Sanitary Pads",1
"A Motorcyclist Grabbed An Unsuspecting Girl's Feet On The Freeway And It's The Best",1
"17 Thoughts Women Have Had During Sex That Are Way Too Real",1
"For Everyone Who Is Absolutely Floored By Ciara's Look Right Now",1
"17 Ways To Procrastinate At Work Without Getting Caught",1
"How Hans Are You",1
"Anxiety In Wonderland: I Illustrated My Anxiety And This Is What It Looks Like",1
"Signs An Awkward Guy Likes You",1
"Iraq Just Held Its First Beauty Pageant In More Than 40 Years",1
"Are You Able To Identify The Real YA Cover From The Fake",1
"12 Chili Recipes To Curl Up With This Fall",1
"Where Can You Find The Best BBQ In Texas",1
"Watch A Weatherman Flawlessly Pronounce llanfairpwllgwyngyllgogerychwyrndrobwllllantysiliogogogoch",1
"9 Christmas Movies If They Were About Cuffing Season",1
"This Instagram Account Hilariously Captures Real Life Situations On Post-Its",1
"Here's What To Eat Today If You Ate Literally Everything Yesterday",1
"The First Photos Of Rob Kardashian And Blac Chyna Are Here",1
"17 Hilarious Tweets About India's Censor Board Cutting Kissing Scenes In The New Bond Film",1
"Here's What Pregnant Women Actually Need To Know About The Zika Virus",1
"This Woman Got Post-Mastectomy Tattoos To Reclaim Her Body After Breast Cancer",1
"We Know Your Personality Based On The Doodles You Like To Draw",1
"All 44 Places It's Possible To Have Sex In ""The Sims""",1
"15 Most Inspiring Grilled Cheese Sandwiches Of 2015",1
"Drinking: 20 Vs. 25",1
"Lady Gaga Supports Paris Attack Victims By Stepping Out In The French Flag Colours",1
"Do You Know The Original Names Of Famous Brands",1
"Could You Actually Quit Facebook",1
"We Know If You Have An iPhone Based On The Emoji You Choose",1
"7 Essays To Read: When Schools Are Racist, ""Depressiongrams,"" And #ShoutYourAbortion",1
"Women Feel Breast Implants For The First Time",1
"Which Cupcake Are You Based On Your Zodiac Sign",1
"How Well Do You Know ""Billy Madison""",1
"13 Weird Italian Expressions Translated Literally Into English",1
"If Matthew Gray Gubler's Tweets Were Motivational Posters",1
"24 Of The Most Powerful Photos Of This Week",1
"76 Thoughts I Had Starting ""Freaks And Geeks"" For The First Time",1
"North West Has The Cutest Closet Of All Time",1
"How Well Do You Know The Words To Eminem's ""My Name Is""",1
"Jennifer Aniston And Justin Theroux Make Red Carpet Debut As Husband And Wife",1
"Kids Confess Their Feelings About Their Crush",1
"29 Photos That Will Make Developers Laugh Every Time",1
"How Well Do You Remember ""Californication"" By Red Hot Chili Peppers",1
"Can You Guess These Disney Sidekicks By Just Their Colors",1
"Oprah Revealed That She Repeatedly Yelled ""You Get A Car!"" Because Everyone Was Confused As Fuck",1
"24 First Date Rules For Straight Men Who Don't Want To Die Alone",1
"How Lazy Are You Being Today",1
"Which Good Luck Charm Matches Your Personality",1
"Can You Get Through This Post Without Becoming Sexually Attracted To Cheese",1
"Which Stevie Nicks Song Are You",1
"We Know Your Zodiac Sign Based On Which WikiHow Page You Choose",1
"13 Movies That Have Iconic Mermaids That Aren't ""The Little Mermaid""",1
"21 Completely Genius Ways To Cook Boneless, Skinless Chicken Breasts",1
"23 Hilarious ""Toy Story"" Moments That'll Make You Laugh Every Time",1
"Can You Guess The Celebrity By Their Sister",1
"Arm Glow Is Your New Life Goal, Thanks To Lupita Nyong'o",1
"7 Crucial Photo Strategies Everyone With A Big Head Should Know",1
"Here's How To Make Bulleit Bread Pudding With Bourbon-Soaked Cherries",1
"Carrie Fisher Was Considered To Play Sandy In ""Grease"" Before Olivia Newton-John",1
"Rapper Fetty Wap Injured In A Motorcycle Accident",1
"28 Things You Won't Believe Are Turning 20 In 2016",1
"What Is Your Ghost Name Actually",1
"Sikhs Working With Syrian Refugees Say They Keep Being Mistaken For ISIS Members",1
"What Does BMI Look Like IRL",1
"19 Gadgets Every Adult Needs In Their Kitchen",1
"The Official ""AHS: Hotel"" Opening Credits Are Creepy As Hell",1
"If Hollywood Age Gaps Were Gender-Swapped",1
"Disney Allows A Dying Fan To See The New Star Wars Early",1
"Do You Know These Disney Films Based On Just Three Words",1
"Meet The Male Model Who Is Working To Help People Learn To Love Their Skin",1
"Which HBO Series Should You Watch Based On Your Sign",1
"43 Tweets About Grapes, The Fruit",1
"BuzzFeed's Most Eligible Bachelors 2015",1
"We Know What You Should Name Your Dog Based On Your Sign",1
"The Long Journey To ""Freeheld""",1
"26 Fandom Ship Wars That End Here And Now",1
"Do You Remember The Lyrics To ""Naked Mole Rap"" From ""Kim Possible""",1
"34 Times Kourtney Was The Only Voice Of Reason In The Kardashian Family",1
"Pigskin A Blanket: NFL Week 9 Picks",1
"This Easy Hack Lets You Play Music On YouTube WHILE Using Other Apps On Your iPhone",1
"What's The Funniest ""Yo Momma"" Joke You've Ever Heard",1
"This Story Is For Anyone With Reservations About Bringing Syrian Refugees To Canada",1
"19 Pictures That Will Make You Say ""Seriously?""",1
"21 Times ""Harry Potter"" Accurately Described The End Of Semester",1
"People Are Not Happy With Justin Bieber After He Posted A Picture With Cornrows",1
"What Color Should You Dye Your Hair Based On Your Taste In Movies",1
"How Ready For Christmas Are You",1
"21 Insanely Creepy Santa Claus Photos That May Ruin Your Christmas",1
"29 Products For Anyone Who Is Actually A Disney Princess",1
"29 Incredibly Delicious Recipes That Start With A Can",1
"15 Exquisite No-Bake Treats Your Valentine Will Never Forget",1
"Can You Identify ""The Lord Of The Rings"" Character From Just Their Eyes",1
"20 Times Amandla Stenberg Was The Most Carefree Black Girl Of 2015",1
"17 Reasons Nadiya From ""Bake Off"" Was The Best British Person 2015",1
"People Are Using The Hashtag #BurritoSelfie And It Is As Glorious As You'd Imagine",1
"Joseph Gordon-Levitt Made A DIY Yoda Costume For The ""Star Wars"" Premiere",1
"Celebrities Explain ""Netflix And Chill"" On The Emmys Red Carpet",1
"Dude, You Can Actually Rent These Entire Islands On Airbnb",1
"17 Kids Who Aren't Messing Around This Christmas",1
"17 Too Real Things For Perpetually Late People",1
"24 ""Back To The Future"" Tattoos That Will Blow Your Mind",1
"Should You Top Or Bottom More In 2016",1
"13 Roommate Secrets That Will Make You Want To Live Alone",1
"14 Models With Albinism Who Are Taking The Fashion World By Storm",1
"18 Fall Salads You Need In Your Life Right Now",1
"17 Super Helpful Tips For Anyone Who's Terrified Of The Gym",1
"BuzzFeed Openlab Blog",1
"27 Jokes From ""The Big Bang Theory"" That Will Never Get Old",1
"I Tried San Francisco's New $15 Coffee",1
"19 Photos Of Dogs Being Adorable During The Blizzard",1
"What Your Favourite MAC Lipstick Says About You",1
"21 Vines That Will Make You Question Your Entire Existence",1
"Do You Actually Remember The First Episode Of ""The West Wing""",1
"What Gift Do You Actually Want This Year",1
"This Is How You Should Be Eating Tater Tots",1
"24 Realities Of Your Halloween",1
"Here's What You Look Like Hiding A Yawn",1
"8 Great Wall Of China Reviews That Will Make You Question Humanity",1
"Here's A Look At 100 Years Of Wedding Gowns In Three Minutes",1
"18 Amazing Disney Song Covers On YouTube",1
"Another Round, Episode 24: Ida Bae Wells",1
"This Guy Spent Six Months Making A Sandwich And All Its Ingredients From Scratch",1
"Simple Leopard Halloween Makeup You Can Do In 10 Minutes",1
"Guess The Celebrity From Their ""The Simpsons"" Cameo",1
"Who Gets To Take Part In The Menstruation Conversation",1
"People Who Don't Swear",1
"Can You Guess The Video Game From Its Terrible Summary",1
"These Dogs Are Best Friends And They're Destroying The Internet's Heart",1
"Why You Shouldn't Have A Smartphone",1
"17 Moments All Kids Who Moved Around A Lot Know Too Well",1
"Caitlyn Jenner On The Moment She Felt Most Proud To Be A Woman In 2015",1
"13 Kanye West Quotes As Kids Classroom Posters",1
"Daylight Savings Is The Literal Worst And No One Is Talking About It",1
"We Know If Your Mom Will Kiss Santa Claus On Christmas Eve",1
"Should You Buy Apple's New iPhone Battery Case",1
"A Comedian Talked About Being Abused And Raped In A Previous Relationship",1
"Grace Jones Calls Out Rihanna, Gaga, Miley, And Co In Hilariously Blunt New Memoir",1
"This Is What Life Looks Like For Quiet People",1
"Which Ellen DeGeneres Celebrity Scare Is Your Favorite",1
"13 Ways The World Has Changed Since ""1989"" Was Released",1
"21 Tweets About Disney That Will Make You Laugh Out Loud",1
"It Looks Like Philae, The Little Robot That Landed On A Comet, Is Dead",1
"13 Celebrities Who Really Have Some Nerve",1
"Can You Tell If These Are Welsh Towns Or Harry Potter Spells",1
"Things That Happen On Thanksgiving When You Love Food",1
"What Makes ""Butch"" Hot",1
"23 Gifts Every Unicorn Lover Needs In Their Life",1
"14 Trends We're Hoping Will Happen In 2016",1
"The Cast Of ""Sherlock"" In The Victorian Age Vs. 2016",1
"5 People Reveal What Happens Behind The Perfect Instagram",1
"This Woman Refused To Change Her Facebook Picture To The French Flag And It's Going Viral",1
"19 Photos That Won't Make Sense To Anyone Who Doesn't Wear Makeup",1
"27 Of The Best Responses For When Random Guys Tell You To Smile",1
"This Impressions Sketch Gets So Real So Quick About Breakups",1
"Latinas Search Through The #Latina Hashtag And This Is What Happened",1
"24 Underrated British Musicians You Need To Discover",1
"29 Tweets About Facebook That Will Make You Laugh Every Time",1
"14 Times Canada Completely Ruined Your Halloween",1
"Are You A Lot Or A Little BB-8",1
"19 Epic Cake Fails That Will Make You Laugh Every Single Time",1
"22 Reasons Why Eggs Should Be Banished From This Earth",1
"Which Pop Artist/Producer Duo Are You",1
"21 Reasons You'll Want To Watch ""I'll Be Home For Christmas"" This Holiday",1
"17 Cats Who Could Use A Day Off",1
"17 Thoughts You Had Watching ""Making A Murderer""",1
"18 Hilarious Tweets That Perfectly Sum Up Laziness",1
"21 Reasons Why The World Should Never Mess With Canada",1
"Someone Made A Video Comparing The Indrani Mukerjea Case With Plot Points From ""Game Of Thrones""",1
"Sorority Girls On A Selfie Spree At A Baseball Game Made People Really Mad For Some Reason",1
"17 Desserts Guaranteed To Turn You Into A Chocoholic",1
"A Pug And A Frenchie Recreated ""Lady And The Tramp"" And It Was Beautiful",1
"Amy Schumer Perfectly Shut Down A Film Critic For His Sexist Comment",1
"Prince Harry's Ginger Beard Deserves A Damn Award",1
"Steven Avery's New Lawyer Is Publicly Arguing His Case On Twitter",1
"These High School Boys Wore Dresses To School In Protest Of The Dress Code",1
"24 Forgotten Trends All Mid-'00s Teen Girls Were Slightly Obsessed With",1
"This Is The One Thing Everyone Is Thinking But No One Is Saying",1
"Everyone Is Freaking Out About These Downright Magical Airbnbs",1
"The Guy Who Wrote ""Hamilton"" Also Wrote The New ""Star Wars"" Cantina Song",1
"19 Delicious Ways To Eat More Candy Corn This Fall",1
"This Video Shares Some Fascinating Theories About The ""Fallout"" Games",1
"Choose An Ugly Sweater And We'll Guess The First Letter Of Your Name",1
"Is Your Boyfriend A Man Or A Butternut Squash Wearing Sunglasses",1
"Here Are Some Things The Sikh Community Wants You To Know",1
"Who Is Your ""Vampire Diaries"" BFF",1
"12 ""Harry Potter"" Quotes That Could Totally Be About Your Desi Life",1
"26 People Who Got Shittier Christmas Gifts Than You",1
"We Know What Kind Of Man Will Get You Off",1
"These Two Tests Will Reveal One Good And One Bad Truth About You",1
"33 Things Kim Kardashian Has 100% Actually Said",1
"Here's Why Everyone Should Keep A Journal",1
"People Try To Define Yiddish Words",1
"9 Houses That Look Normal On The Outside But Are Anything But On The Inside",1
"This Is What Five Decades Of Star Trek Fashion Looks Like",1
"J.K. Rowling And Daniel Radcliffe Lead ""Harry Potter"" Stars Paying Tribute To Alan Rickman",1
"If Women Could Be Honest With Their Catcallers, Here's What They Would Ask",1
"These Questions Will Tell Us When You Lost Your Virginity",1
"Kids Explain How Boys And Girls Act In Third Grade",1
"Here's What The Cast Of ""Hey Dude"" Looks Like Now",1
"15 Vine Accounts That Will Have You Dying Laughing",1
"What ""Stitchers"" Character Are You Based On Your Zodiac Sign",1
"9 Ways Kim Kardashian Is Doing Pregnancy Totally Differently This Time",1
"13 Things You Didn't Know About Extreme Poverty",1
"This Guy Keeps Editing Himself Into Celebrities' Instagrams And It's Pretty Funny",1
"20 Times Paget Brewster From ""Criminal Minds"" Was The Best Person On Twitter",1
"What Your Friends Say About You",1
"How Many 2016 Academy Award-Nominated Films Have You Seen",1
"21 Truths About Group Friendships",1
"Here's How You Can Help India's 19-Year-Old Sprinter Get To The 2016 Olympics",1
"19 Times Val From ""Dancing With The Stars"" Proved He Was Husband Material",1
"31 Reasons Potatoes Are The Best Thing At Thanksgiving",1
"Can You Guess Which Celebrity This Makeup Look Is Inspired By",1
"Grandmas Went For The Ride Of Their Lives In A Lamborghini At Speeds Of 165 MPH",1
"Can You Guess Which Celebrity This Tweet Belongs To",1
"Which Fruit Matches Your Zodiac Sign",1
"11 Fat-Shaming Confessions",1
"This Woman Is 110 Years Old Today And She Has Had ENOUGH",1
"Pete Wentz Wants Fall Out Boy To Collab With Taylor Swift",1
"11 Celebrity Quotes About Being Depressed",1
"37 Things Cut From ""The Force Awakens""",1
"Why I Wait A Day Before I Debate My Faith In The Public Square",1
"24 Things That Were Cool In Middle School But Definitely Aren't Now",1
"17 Pictures That Are Guaranteed To Make You Want A Squigglism Tattoo",1
"Disney Has Released The First Two Teasers For Tim Burton's ""Alice Through The Looking Glass""",1
"17 Charts To Help You Eat Healthy",1
"29 Gifts I Actually Really Want",1
"18 Times Canada Confused The Hell Out Of Everyone On Tumblr",1
"23 Tweets Every Single Person Can Identify With",1
"17 Problems You'll Understand If You're Tall-Ish",1
"OMG, Tina Fey And Amy Poehler's Movie ""Sisters"" Has A New Poster",1
"27 Fucked-Up Things People Actually Ate As Children",1
"Don't Auto-Update Your iPhone Overnight Unless You Want To Be Late To Work",1
"Kanye West's New Fashion Collection Is Quite The Sight",1
"What Are Your Favorite ""Grey's Anatomy"" Relationships",1
"If The Bond Girl Age Gaps In ""James Bond"" Were Reversed",1
"19 Pictures Of Dogs In Very Embarrassing Situations",1
"Who Do You Think The ""Scream Queens"" Killer Is",1
"Which Hogwarts Houses Do These 2016 Oscar Nominees Belong In",1
"The First Time Someone Asked Julia Roberts For An Autograph She Was On The Toilet",1
"12 Documentaries You Should Definitely Watch If You Liked ""Making A Murderer""",1
"These Black LGBT People Reveal What Happened When They Came Out",1
"14 Reasons ""The Muppet Christmas Carol"" Is The Ultimate Christmas Movie",1
"15 People Who Legitimately Believe They're Part Of The Jedi Order",1
"What Do You Love Based On Your Zodiac Sign",1
"Let's Help You Write Your Letter To Santa",1
"Reminder That The Convenience Store Scene From ""Magic Mike XXL"" Was The Best Scene Of 2015",1
"The Fox And The Hound Is The Most Tragic Disney Film Ever Made",1
"Cancer Survivors Talk About What It's Really Like To Have Cancer",1
"These Portraits Celebrate The Joy Of Having Freckles",1
"13 Things That Happen When Your Best Friends Start Getting Married",1
"89 Of Most Enchanting ""1989"" Covers",1
"A Melissa McCarthy And Kristen Bell Buddy Comedy Is On The Horizon",1
"We Gave Musicians An Elf On The Shelf And Here's What Happened",1
"6 Things You Should Make In Your Slow Cooker Immediately",1
"What Was The Most Amazing Thing That Happened At Your Wedding",1
"Which Cat Should Give You A Pep Talk",1
"19 Times Tumblr Was Depressingly Accurate About Your Relationship With Money",1
"22 ""Legend Of Zelda"" Tattoos That Will Blow You Away",1
"Which Pop Anthem Matches Your Birth Month",1
"Kylie Jenner's Wheelchair Mag Cover Blasted By Disability Advocates",1
"We Need To Talk About How Insanely Perfect Zac Efron And Sami Miro Are Together",1
"When You Miss Your Friend",1
"3 Refugees Living In The UK Cook Their Favourite Meals From Home",1
"Did You Know BuzzFeed Publishes New Original Comics Every Day",1
"29 Reasons Book Nerds Are The Only People You Should Date",1
"This Is What Holiday Shopping Looked Like Way Before Black Friday",1
"David Bowie's Most Iconic Fashion Moments",1
"14 Players Admit Why They Use Women For Sex",1
"Hey India, Don't Talk About My Mom Like That",1
"A Surprise Snowstorm Turned This Couple's Wedding Into A Winter Wonderland",1
"Talking To Your Self-Esteem",1
"Here's What You Need To Know About The Women Of ""Transcendent""",1
"24 Hilarious Posts That Only Gamers Will Understand",1
"22 Dogs Who Just Want To Watch The World Burn",1
"24 Tweets About Being Introverted That'll Make You Laugh Out Loud",1
"17 Times The Internet Got Too Real About Instagram",1
"The Six Girls You Date On Tinder",1
"We Know Which ""Love Actually"" Character You Should Hook Up With",1
"16 Easy And Delicious Recipes That Are Completely Turkey-Free",1
"9 Perks Of Having Big Hair",1
"What Should Your Yearbook Quote Be",1
"Couples Find Out If Their Stories Of How They Met Add Up",1
"13 New Ways To Style Your Hair In 2016 That Are Actually Pretty",1
"Doc Brown Recorded A Special Message For Back To The Future Day",1
"Ellen Page Gets Her Flirt On With Julianne Moore In The First ""Freeheld"" Clip",1
"You've Been Making Papas Rellenas Wrong Your Entire Life",1
"23 Signs You're Hopelessly Obsessed With ""New Girl""",1
"Are You Team Michael Or Team Rafael",1
"How A Baby And Her Kitten Best Friend Wake Up From A Nap",1
"What Your Crush Says VS What You Think",1
"16 Reasons We'll Never Be Able To Forget Blockbuster",1
"22 Reasons Fans Are Obsessed With ""The Walking Dead""",1
"How Well Do You Remember WWF In The Early '90s",1
"OMG The Middle Finger Emoji Has Arrived And Here's How To Get It",1
"Tell Us About Being In Debt In Your Twenties",1
"Fresh Fruit Sushi",1
"23 Things For Anyone Whose Love For ""30 Rock"" Never Died",1
"19 Extremely Satisfying Moments For Book Lovers",1
"13 Art History Hotties You'll Want To Fuck",1
"Meet The Body-Positive Artist Who's Giving Trolls A Taste Of Their Own Medicine",1
"Literally Just 10 Photos Of Selena Gomez Looking Flawless At Z100 Jingle Ball",1
"23 Things Only '90s Kids Had On Their Christmas Lists",1
"23 Tweets That Sum Up San Francisco's Thoughts On The Blue Angels",1
"How Many Of These SpongeBob Faces Do You Recognize",1
"The Try Guys Watch K-Pop For The First Time",1
"This Was What The World Looked Like 30 Years Ago",1
"A Monkey In India Has Adopted A Puppy And They're Adorably Inseparable",1
"30 Questions You Should Ask Yourself Before 2016",1
"16 Things Every ""Star Wars"" Fan Needs For A Successful Christmas",1
"19 Vintage Photos Of Sean Connery That Will Make You Thirsty AF",1
"We Asked Non-Italians To React To Pictures Of Italian Things And This Is What Happened",1
"15 Life Lessons ""Anne Of Green Gables"" Has Taught Us",1
"I Tried Out 4 Lazy-Girl Shirt-Gapping Solutions, And Got Surprisingly Lucky",1
"17 Unusual And Beautiful Russian Baby Names",1
"What Song Always Makes You Feel Like A Badass",1
"37 Of The Most Beautiful Shots From Television In 2015",1
"Jesse Sexy Metcalfe Had A Yard Sale While You Were Living A Life Full Of Regrets",1
"21 Times In 2015 Neil Patrick Harris's Family Was Cuter Than Yours",1
"These Pictures Are Proof That Some People Are The Worst",1
"Daniel Craig Has Been Brutally Honest Regarding His Feelings About James Bond",1
"If You Could Be Straight, Would You",1
"If Tim Burton Directed Disney Movies",1
"The 61 Best Teacher Memes On The Internet",1
"13 Eye-Opening Facts That Reveal India's Massive Obsession With Engineering",1
"What Pet Name Should You Bestow Upon Your Significant Other",1
"39 Thoughts I Have Every Time I Watch ""Love It Or List It"" On HGTV",1
"Here's The Trailer For ""Trolls"" Starring Anna Kendrick And Justin Timberlake",1
"What Should Your Signature British Insult Be",1
"This Color Test Will Predict How Much Longer You'll Be Single",1
"The ""Friends"" Cast Reunited And Hung Out With The Other Most Iconic TV Show Cast Of All Time",1
"13 Plus-Size Women On Loving Themselves, No Matter What Haters Say",1
"28 Times Yahoo Answers Lost Its Damn Mind In 2015",1
"How Old Are You Actually Based On Your Favourite Swear Word",1
"19 Times Drake Had The Last Laugh",1
"What Grammy Award Would You Win",1
"Here's A GIF That Perfectly Captures Joke-Stealing On Twitter",1
"This Baby's Reaction To Hearing About How She Was Created Is Amazing",1
"16 Taylor Swift Pumpkins",1
"We Know How Addicted You Are To Social Media Based On One Question",1
"Is Sleeping Naked Weird Or Nah",1
"This Color Test Will Determine Your Go-To Sex Move",1
"Did You Know That Snapchat Is Secretly Eating All Of Your Data",1
"34 Pictures That'll Make You Want To Pack Your Bags And Move To Wales",1
"How Many Iconic Early '00s Movies Have You Actually Seen",1
"This Cover Of Drake's ""Hotline Bling"" Is Really, Really Good",1
"13 Of The Most Beautiful And Moving Things Alan Rickman Ever Said",1
"This Colour Test Will Tell You How Old You Really Are",1
"21 Pictures Literally Every Girl Has Taken",1
"How Do You Keep Yourself From Feeling Like A Total Impostor",1
"Should You Be On ""Real Housewives Of Beverly Hills"" Or ""Real Housewives Of New York""",1
"Who Said It: Chandler Bing Or Liz Lemon",1
"Everything You Need To Know About Being A Woman Standing In A Field",1
"Are These Harry Potter Spells Or Just Gibberish",1
"37 Science Facts We Didn't Know At The Start Of This Year",1
"17 Pairs Of Actually Cute Sweatpants That'll Keep You Comfy This Winter",1
"A Hand Model Explains What It Takes",1
"27 Wedding Ideas For Mermaids Getting Married",1
"These Are The Magazines You Should Be Reading In 2016",1
"Sandra Bullock And The Case For Flipping More Men's Roles For Women",1
"18 Of The Most Important New Year's Resolutions Stated In Five Words",1
"Who Are You Looking At First",1
"This Is The Only Spinach And Artichoke Dip You Need In Your Life",1
"24 Things That Were Cool At School But Definitely Aren't Now",1
"You'll Feel Really Dumb When You See How Simple Bagged Milk Is",1
"23 Pictures People Who Haven't Worked Retail Will Never Understand",1
"How Well Do You Actually Remember ""Halloweentown""",1
"Pigskin A Blanket: NFL Conference Championship Picks",1
"17 Wonderful Activities For Alice In Wonderland Fans",1
"18 Things People Who Love Christmas Do In December",1
"27 Funniest Moments From ""Whose Line Is It Anyway?""",1
"The New ""Spaceballs: The Schwartz Awakens"" Trailer Will Make You Feel Like A Kid Again",1
"Here Are Twilight's Bella And Edward Gender-Swapped",1
"Have You Tried The Hot New Street Drug Zank",1
"Fish Gape Has Replaced Duckface",1
"22 Reasons Literally Everyone Has Trust Issues",1
"25 Times Gina Rodriguez Was The Most Adorable Celeb On Instagram",1
"What Should You Name Your Emo Band",1
"16 ""The Simpsons"" Questions That Are Impossible To Answer",1
"10 Things You Can Look Forward To This Winter",1
"You Need To Tell Us If These Things Are Doughnuts",1
"22 Coloring Books That Will Calm You The Heck Down",1
"This Comic Shows The True Struggle Of Adulting While Awkward",1
"Can You Guess The Avril Lavigne Video From One Screenshot",1
"Who Said It: Gene Belcher Or Chris Griffin",1
"30 Things Girls Who Are Always Cold Understand",1
"Who Said It: Alice Cooper or the Dalai Lama",1
"Answer Just 3 Questions And We'll Guess How Bad Your New Year's Hangover Is",1
"Solange Knowles's Wedding Ring Got Lost At Mardi Gras",1
"These Babies Laughing Uncontrollably Are Exactly What You Need Right Now",1
"Can We Pickle That",1
"17 Beautifully Designed Mermaid Tattoos",1
"Emma Stone And Lena Dunham Came Up With 11 Things You Can Call Them Other Than ""Sweetheart""",1
"Can We Guess Your Zodiac Sign Based On Your Personal Characteristics",1
"What Gift Should Every Runner Get For Christmas",1
"What's Your Genius Camping Hack",1
"21 Delicious Ways To Celebrate Mardi Gras",1
"What's Your Actual Age Based On Your Favorite Childhood Gaming System",1
"22 Pictures That Will Make You Say ""I Need An Adult""",1
"23 Things You'll Understand Only If You're Slightly Obsessed With Smoothies",1
"19 Things Every Eyeliner Addict Knows To Be True",1
"17 Teeny Tiny Necklaces For Your Inner Scientist",1
"The New And Improved Eva Longoria",1
"Your Perfect End-Of-Summer Mix Is Here, From DJ A-Trak",1
"We Tried To Get Away With Wearing Fancy Sweatpants Four Different Ways",1
"Diane Keaton Running To Get Froyo Is Diane Keaton Living Her Best Life",1
"13 Things Everyone Who Has Survived Christmas Will Understand",1
"Dads Read Texts Their Daughters Sent To Their Boyfriends",1
"Scotch Experts Review Cheap Whiskey",1
"21 Things Only Non-Harry Potter Fans Know To Be True",1
"The 11 Best Moments From John Oliver's Hilarious Guide To The Canadian Election",1
"19 Super Cute Dollar Store DIYs That Will Complete Your Bedroom",1
"Pigskin A Blanket: NFL Week 13 Picks",1
"People Give Blood For The First Time",1
"Drop Everything And Google ""A Long Time Ago In A Galaxy Far Far Away""",1
"The Director Of ""American Hustle"" Has Responded To Jennifer Lawrence's Critique Of Pay Inequality",1
"Oscar Nominee Brie Larson Had The Most 2000s Music Career Of All Time",1
"I Was A Weatherman For A Day, And This Is What I Learned",1
"19 Of The Most Lol-Worthy Tumblr Posts About Dating",1
"You Need These Super Cute Comics In Your Life",1
"What Does Your Choice In Colors Say About You",1
"19 Secrets People Who Work In Office Will Never Tell You",1
"Adele Is On The Cover Of Vogue Looking Like A Damn Piece Of Art",1
"How Much Of An Old Soul Are You",1
"How Well Do You Know The Relationships In ""Love Actually""",1
"21 Reasons To Fall In Love With A Dog Person",1
"How Well Do You Know These Random, 16th Century Flemish Proverbs",1
"56 Thoughts I Had Watching Shia LaBeouf Watching Shia LaBeouf Movies",1
"If The Muppet Babies Grew Up And Went To Your High School",1
"This Hipster Barbie Account Perfectly Mocks Every Annoying Person On Instagram",1
"Did This Event Happen In 2014 Or 2015",1
"We Need To Talk About The Music From ""A Goofy Movie""",1
"23 Leonardo DiCaprio Faces That Are Basically You",1
"24 Times Denny's Completely Owned Twitter In 2015",1
"Here's What The Cast Of ""The Hunger Games"" Looked Like Then Vs. Now",1
"23 People On Tinder Who Just Might Make You Smile",1
"27 Studio Ghibli Tattoos That'll Make Your Heart Croon",1
"What Small Life Change Should You Make",1
"12 Presidential Candidates And Their Dog Twins",1
"15 Dogs Who Feel A Type Of Way About Bathtime",1
"24 Wives Who Are Crushing This Whole Marriage Thing",1
"32 Impossibly Delicate Engagement Rings That Are Utter Perfection",1
"Which Famous Dancer Are You Based On Your Zodiac Sign",1
"17 Beautifully Untranslatable Hindi Words You Should Add To Your Vocabulary Right Now",1
"16 Things Dermatologists Want You To Know About Your Skin",1
"22 Photos That Show Just How Insane '90s Rave Culture Really Was",1
"22 Times Geralt Of Rivia From ""The Witcher 3"" Looked Sexy AF",1
"An Artist Illustrated Popular Witches And The Results Are Spooky",1
"What's The Funniest ""SpongeBob SquarePants"" Quote",1
"The Worst Kind Of Misunderstanding",1
"21 Secrets Build-A-Bear Employees Will Never Tell You",1
"Some Genius Created A Perfect Blue Jays Parody Of Taylor Swift's ""Blank Space""",1
"The 11 Best Red Hot Chili Peppers Songs Of All Time",1
"19 Times Bridget Jones Won At Everything",1
"The Dress Is Now Officially A Sexy Halloween Costume",1
"Manny The Frenchie Proves He's The Best Friend Ever",1
"Nathan Sykes Plays A Game Of ""Never Have I Ever"" And It's Adorable",1
"Are Your Shopping Habits Normal",1
"Which Character From ""K Project"" Are You",1
"Can You Tell If These Are Texts Or Sexts",1
"You Have No Fucking Clue What The Origins Of These Memes Are",1
"I Went To A Black College Because Of ""A Different World""",1
"17 Times Titus Andromedon Lived Life To The Absolute Fullest",1
"These Lip Challenge Fails Were So Awful That They Actually Won 2015",1
"13-Year-Old Kids Are Making Thousands Reselling Supreme Hats And Tees",1
"That Time I Sharted My Pants: Lady Edition",1
"When You Hate PDA",1
"17 Easy Slow Cooker Soups That Will Warm You Right Up",1
"Amateur Porn Stars Revealed Their Deepest Secrets And They Might Surprise You",1
"18 Celebs You Totally Forgot Were On ""Gilmore Girls""",1
"17 Pictures Guaranteed To Make You Sad",1
"People Who Fucking Hate Dressing Up For Halloween: You Are Not Alone",1
"11 Things Every Canadian Does",1
"13 Ways To Take Care Of Yourself In The Face Of Islamophobia",1
"Does Black Ever Crack? -- Guess These Black Celebs Ages",1
"How Well Do You Actually Know Modern Text Speak",1
"People Try Bull Testicles For The First Time",1
"The New Coen Brothers Movie Is About A Time When Everyone Was In Some Sort Of Closet",1
"This Is What Push-Up Bras Actually Look Like In Different Sizes",1
"What's Your Horoscope For The Week Of December 14",1
"Who Is The Most Iconic Diva Of All Time",1
"Which ""Star Wars"" Spaceship Should You Fly",1
"Which ""1989"" Taylor Swift Costume Should You Wear This Halloween",1
"This Totally Awesome Clothing Line From Target Comes In Straight And Plus Sizes",1
"10 Scary Movies As Viewed By Complete Cowards",1
"Things People Mildly Obsessed With Burritos Know To Be True",1
"This Guy Was Fined For Burping Too Loudly At An Amusement Park",1
"Rachel Green From ""Friends"" Appeared On ""SNL"" And It Was Everything",1
"19 Things You Saw Every Single Time You Went To Grandma's House",1
"21 Times The Mall Failed So Hard It Just Failed",1
"Which Marvel Movie Should You Star In",1
"Here's What Happens When You Order A Large Pizza Just For Yourself",1
"Let's See How Well You Remember The First Episode Of ""Misfits""",1
"Some People Think Gigi Hadid Kinda Looks Like Fergie",1
"19 Words You Don't Actually Understand Unless You Went To The University Of Michigan",1
"What Does Your Hair Say About You",1
"Day 2 Of BuzzFeed's 7-Day Clean Eating Challenge",1
"Which Female '90s TV Character Was A Total Role Model",1
"This Police Officer Showed Up To A Routine Call And Ended Up Falling In Love With A Puppy",1
"Jada Pinkett Smith Posted A Baby Photo Of Will For His Birthday And It'll Make You Believe In Love",1
"Can You Remember These ""Gilmore Girls"" Minor Characters",1
"Should You Study For Finals Or Watch Netflix",1
"24 Potato Recipes That Should Be Illegal",1
"Here's What Beauty Ads Would Look Like If They Only Used The Advertised Product",1
"Kendall Jenner And Gigi Hadid (aka KenGi) Are The Ultimate Friendship Goals",1
"How Well Do You Remember ""The Parent Trap""",1
"Find Out How Big Of A Reality TV Fan You Were In 2015",1
"The New Issue Of Essence Is All About Your Favorite Magical Black Girls",1
"Gina Rodriguez Is The Cutest And Brought Her Dad To The Golden Globes",1
"The Soup Cancelled After 22-Year Run",1
"Everything You Need To Know About Lush's Bath Bomb Factory",1
"Which Golden Globe Red Carpet Look Are You Based On Your Zodiac Sign",1
"Can You Pass This Really Tricky Spelling Test",1
"15 Times Princess Cheeto Won Instagram In 2015",1
"Kristen Bell And Dax Shepard Dancing Through Africa Will Restore Your Faith In Love",1
"Harry Potter Fans Have Turned Platform 9 3/4 Into A Memorial For Alan Rickman",1
"17 Thoughts We All Had While Stalking Our Exes On Facebook",1
"19 Stunning Vintage-Inspired Engagement Rings That'll Make You Swoon",1
"16 Pets Who Just Want To Bring A Lil' Sunshine Into Your Life",1
"23 Things Only Super-Organised People Will Understand",1
"Here's What This 23-Year-Old Learned From Talking About Her Herpes",1
"Struggles Of A Dogless Dog Lover",1
"We Know Which Trump Rally Dance Move You Are Based On One Question",1
"We Found Some Of The Most L.A. Foods Ever",1
"A Mom's Shocking Facebook Photo Shows Why You Should Be Wary Of People Kissing Your Baby",1
"What's The Weirdest Vine You've Ever Seen",1
"Make Your Instagram Captions Sound Profound With These Elliott Smith Lyrics",1
"These Women Shaved Their Heads And They Look Fly AF",1
"27 Tweets About Pregnancy That Are Guaranteed To Make You Laugh",1
"What's Your Greatest Video Game Achievement",1
"What's The Unluckiest, Weirdest Or Stupidest Way You've Failed Your Driving Test",1
"16 Things That Are Turning 16 In 2016",1
"We Tried To Cook And Eat The Monstrosity That Is An Emu Egg",1
"This 5SOS Performance Is The Most Beautiful Thing You'll Ever Hear",1
"Ellen DeGeneres Dressed Up As A Kardashian For Halloween",1
"17 Useful Wedding Cheat Sheets For Any Bride-To-Be",1
"Which Hogwarts Houses Do The ""Gilmore Girls"" Characters Belong In",1
"21 Realistic Plans We've Got For The Winter",1
"Can You Guess ""The Simpsons"" Character From Just Their Colors",1
"This Man Handed Out 100 Love Notes To Strangers To Honor His Late Wife",1
"You Might Be Food Shopping Wrong",1
"Which ""Kim Possible"" Character Are You",1
"Getting A Massage Shifted My Relationship With My Body",1
"How Well Do You Know The Lyrics To ""Same Old Love"" By Selena Gomez",1
"15 Songs You Won't Believe Are Turning 10 In 2016",1
"What Is Your Sexiness Score",1
"17 Reasons Why People Regret Their Open Relationships",1
"Can We Guess The Last Thing You Googled Based On Your Age",1
"The Alphabet According To ""Gilmore Girls""",1
"Who Said It: Ron Swanson From ""Parks And Rec"" Or Stanley From ""The Office""",1
"Did You Ruin Everything",1
"Is This A Disney Channel Original Movie Or Totally Made Up",1
"What's One Life-Changing Beauty Tip Or Trick Your Mother Taught You",1
"Arjun Kapoor Was In ""Neerja"" And No One Noticed",1
"27 Times Adele Proved She's Actually The Realest Celebrity Of All",1
"21 Times The ""Gilmore Girls"" Cast Redefined Friendship Goals",1
"This Baby Bull Dog Experiencing Rain For The First Time Is The Cutest Thing Ever",1
"Here's What These 12 Celebrities Look Like With Drake's Beard",1
"This Grandma Just Hit The Sickest Beer Pong Shot Of 2016",1
"Which Stylish TV Lady's Wardrobe Should You Raid",1
"17 Reactions Everyone Will Recognize During Engagement Season",1
"Which Lana Del Rey ""Honeymoon"" Song Are You",1
"Here's Why Your Period Is Late, Missing, Or Weird",1
"We Know Which Celebrity You Dislike The Most Based On Your Zodiac Sign",1
"31 Of The Most Ridiculous Things People Bought Drunk Grocery Shopping",1
"This Video Of A Man Pushing A Bin Up An Icy Path Is The Funniest Thing You'll See Today",1
"Women Get Real About The Worst Parts About Having Your Period",1
"What Fucked Up Thing Will Happen To You This Christmas",1
"Which 2016 Critics' Choice ""Best Picture"" Nominee Should You See",1
"24 Beauty Secrets You Should Really Know",1
"29 Nintendo Presents That Will 1-Up Your Gift-Giving Game",1
"Hipster Santa Is The Coolest Santa You'll Ever Meet",1
"Can You Identify These Famous Cartoon Characters By Just Their Eyes",1
"Which Celebrities Have The Same Zodiac Sign As You",1
"I'm A Democrat, But I'm Not",1
"People Try Making Pinterest Hanukkah Crafts",1
"21 Blenders That Failed So Hard They Just Failed",1
"Brand Issues Apology For ""Rape Us Now"" Black Friday Ad",1
"19 Pieces Of Shitty Taxidermy That Sum Up Your 2015",1
"27 Tips And Hacks To Get The Most Out Of Your Tiny Home",1
"People With Disabilities Make Fun Of Donald Trump",1
"Things You Wouldn't Have If Black People Didn't Invent It",1
"Here's How To Hookup With Anyone",1
"19 Pictures That Are Like A Dream If You Love Arcades",1
"We Made People Try Unusual Toothpastes",1
"Anne Hathaway's Birthday Instagram Caption Is So Random And Amazing",1
"Chris Moyles Is Returning To Radio With A Breakfast Show On Radio X",1
"23 Things Your RA Doesn't Want You To Know",1
"This Sleepy Meerkat Is You At Work Right Now",1
"This Is Hands Down The Most Horrifying Couples Costume You Can Wear On Halloween",1
"Are You More Usher Or Justin Timberlake",1
"There Could Soon Be A New Tournament Between The MLS And Premier League",1
"Which Member Of The Villanueva Family Are You",1
"These GIFs Of Chris Evans Pretending He Can't Do A Push-Up Are So Important",1
"Which ""ANTI"" Song Are You Based On Your Zodiac Sign",1
"You Can Buy The Mansion From ""Four Weddings And A Funeral""",1
"15 Of The Best Rihanna Wink Memes From Tumblr In 2015",1
"21 Things All Vegetarian Couples Just Get",1
"After Teaching Himself To Do His Daughter's Hair, A Single Dad Started A Class To Teach Others",1
"You Probably Qualify To Be An Astronaut And Don't Even Know It",1
"We Know Your Personality Based On Your T.V. Show Opinions",1
"26 Tweets That Are WAY Too Real For Any Indian",1
"24 GIFs That Perfectly Sum Up The Feeling Of Taking Off One's Bra",1
"31 Kids Who Are Too Honest For Their Own Good",1
"21 Times Blue Ivy's Hair Stunted On Toddlers Everywhere",1
"Couples Try To Make Each Other Laugh",1
"15 Vampire Recipes That'll Make Your Halloween Party An Instant Success",1
"11 Things Gingers Really Want Non-Gingers To Know",1
"18 Reasons My Dad Is Basically Ron Swanson In Disguise",1
"Which Carb Is Your Soulmate",1
"BuzzFeed Crossword: It's Freestyle Time",1
"The Good Dinosaur Is A Reminder That Even Bad Pixar Is Pretty Good",1
"Viola Davis's Daughter Dressed Up As Her Mom For Halloween",1
"What Does Your Favorite Condiment Say About You",1
"12 Reasons That Will Make You Want To Follow BuzzFeed On Steller",1
"A Typical Day For A High Schooler In 2008",1
"Which Porn Parody Should You Star In Based On Your Zodiac Sign",1
"Which 2016 Movie Should You See Based On Your Zodiac Sign",1
"This Is What Using The Huge iPad Pro Is Actually Like",1
"Which Talk Show Should You Be A Guest On",1
"19 Struggles All Naturally Disorganised People Will Understand",1
"14 People Reveal Why They Hate Being Naked",1
"How To Get Rid Of Gift Cards You'll Never Use",1
"These Buffalo Chicken Potstickers Are Dope AF And So Easy To Make",1
"13 Women Show Off Their Most ""Unflattering"" Outfits",1
"Here's How People In Nine Countries Like To Get Drunk",1
"Watch This Out Gay Marine Ask Singer Steve Grand To The Marine Corps Ball",1
"How To Make The Ultimate Spaghetti With Red Sauce",1
"16 Adults Reveal Their Hilarious Stories About The Last Time They Peed Themselves",1
"Do You Know What A Bathroom Is",1
"13 Terrible Photos People Took Of The Eclipse With Their Phones",1
"A Bride Took Her Own Wedding Photos And The Album Is Absolutely Beautiful",1
"Are You More Furiosa Or Rey",1
"Are These Clothes From Forever 21 Or H&M",1
"27 Food Truths Only People From San Francisco Understand",1
"Which Disney Pet Are You",1
"19 Cooking Gadgets That Can Handle The Heat",1
"10 Celebrity Red Carpet Looks That Are Out Of This World",1
"Which Season Of ""American Horror Story"" Should You Binge Before ""Hotel""",1
"21 Squirrels Who Need To Back The Eff Off",1
"17 Of The Worst Dares People Have Actually Done",1
"First Photo From ""Gilmore Girls"" Reboot Proves Lorelai Hasn't Aged",1
"This Model Had The Perfect Response When A Reporter Asked What She'd Eat After A Fashion Show",1
"19 Times ""Absolutely Fabulous"" Summed Up Being In Your Twenties",1
"All The Golden Globe Afterparty Moments You Won't See On TV",1
"23 Unforgettable Things All '00s Teens Did Every Autumn",1
"Is Your Boyfriend Goofus Or Gallant",1
"For Everyone Who Looks Hella Drunk In Pics",1
"23 Words Everyone Should Stop Saying Immediately",1
"The Weirdest Misheard Christmas Lyrics Of All Time",1
"These Illustrations Show What It Feels Like To Have A Migraine",1
"Donald Trump Just Accidentally Tweeted A Picture Of Jeremy Corbyn And The Internet Lost It",1
"What I Learned About Friendship On Pro-Anorexia Sites",1
"This Is What U.S. Presidents Would Look Like With Man Buns",1
"Can You Match ""The Great British Bake Off"" Innuendo To The Person Who Said It",1
"Meghan Trainor And Ariana Grande Teamed Up On A New Song",1
"29 Of The Most Ridiculous Ways People Injured Themselves As Kids",1
"Which Member Of Olivia Pope And Associates Are You",1
"A Guy Surprised His Girlfriend With Corgis And It's The Best Thing Ever",1
"What Kind Of Ambivert Are You",1
"Mormon Confessions",1
"Guess Which Fictional Character This Person Thinks They Look Like",1
"These Are Makeup Struggles Every Girl Understands",1
"Watch The Evolution Of Men's Eyewear In Under Three Minutes",1
"31 Tweets About Halloween That'll Actually Make You Laugh",1
"17 Vines That Prove Mashups Should Never Be Longer Than Six Seconds",1
"Watch Mariah Carey Internally Scream When She's Asked To Sing",1
"Which Season 41 ""SNL"" Cast Member Are You",1
"17 Cosplayers Get Real About The Importance Of Fictional Characters",1
"13 Swoonworthy TV Wedding Vows That You Will Want To Steal For Your Big Day",1
"We Tried To Stop Using Exclamation Points And It Was So Hard",1
"Brits Tried To Guess The Meaning Of Thanksgiving Traditions And They Were Pretty Baffled",1
"22 Tweets About Funerals You'll Feel OK Laughing At",1
"Watch 19 Male Celebrities Speak In Other Languages",1
"Grab Your Earphones And Listen To This Gorgeous Instrumental Cover Of Adele's ""Hello""",1
"This Actor Had The Best ""Game Of Thrones"" Themed Birthday",1
"Here Are 18 Romantic AF Movies & Shows To Stream On Valentine's Day",1
"What Being A Straight Woman On Tinder Has Taught Me",1
"Here's What Your Girlfriend's Period Wants You To Know",1
"13 Times Headphones Were On A Mission To Destroy Our Beauty",1
"21 Reasons ""It's A Wonderful Life"" Is The Best Christmas Movie Of All Time",1
"21 Alarmingly WTF Celebrity Outfits From The '90s",1
"15 Ways To Work Out Harder And Actually See Results",1
"Can You Match The Flame Test Colour To The Element",1
"The Only Acceptable Way To Serve Sweet Potatoes",1
"22 Things Single People Just Get",1
"This Is How People On Twitter Reacted To Jose Mourinho Leaving Chelsea",1
"Lil Mama Has Managed To Become A Hilarious Meme",1
"Alice From ""Alice In Wonderland"" Is The Worst Disney Character Of All Time",1
"21 Of The Most Ridiculously Cute British And Irish Baby Names",1
"18 Things You Didn't Know About Cold Callers",1
"Should You Stay Home From School",1
"This Canadian Woman Opened Up A Can Of Thanksgiving NOPE",1
"Your Soulmate Tom Hiddleston Is Really, Really Good At Impressions",1
"Bryan Cranston Just Revealed The Marvel Villain He's Dying To Play",1
"Emma Stone Is The Music Video Queen We've Always Dreamed Of",1
"This Is What Happens When You Are Proposed To",1
"The New Wonder Woman Movie Officially Looks Amazing",1
"Your Horoscope For The Week Of November 30",1
"10 Mouthwatering Pizza Facts",1
"Lady Gaga Just Casually Slayed The JFK Airport Terminal",1
"22 Brilliant New Books You Should Read This Autumn",1
"I Cooked With An Easy-Bake Oven For A Week And Here's What Happened",1
"We Got Our Auras Photographed And This Is What We Saw",1
"Here's What No One Tells You About Having Both Depression And Anxiety",1
"Some Dude Asked Natalie Dormer How She Feels About Looking Like Kermit The Frog's Girlfriend",1
"16 Times Pam From ""True Blood"" Was A Master Of Sass",1
"The Try Guys Try Korean Cooking",1
"This Costume Competition Proves That ""Simpsons"" Fans Are The Best In The World",1
"The Most Famous And Magical Treehouse In Canada You Didn't Know About",1
"13 Body Positive Instagram Accounts You Need To Be Following",1
"18 Slogans That Perfectly Sum Up Twitter",1
"5 Reasons Why The Lawsuit Against Taylor Swift Makes No Sense",1
"24 Pictures People Under 5'8 Will Simply Never Understand",1
"21 Mind-Blowing Desserts You Need To Know About For The Holidays",1
"Which Avenger Are You Most Like Based On Your Zodiac Sign",1
"The Sequel To ""Cloverfield"" Looks Absolutely Terrifying",1
"89 Thoughts Everyone Has While Wedding Dress Shopping",1
"17 Tiny Necklaces That Are Too Cute To Function",1
"We Know Your Bodily Talent Based On Three Questions",1
"Should You Be An Actor Or A Singer",1
"24 Pictures That Are All Too Real For Twentysomethings",1
"Which ""Love Actually"" Turtleneck Are You Based On Your Star Sign",1
"12 Stuffed Potatoes You Need To Make ASAP",1
"17 Faces Paleta Payaso Made That You Could Relate To",1
"This Country Singer Makes Music On His Game Boy In His Spare Time",1
"21 Little Things You Did In 2006 That Were So Gratifying",1
"17 Dogs Who Are Very Proud Of The Stick They Found",1
"A Dad And Son Dressed Up Like Each Other And No One Could Tell Them Apart",1
"17 Deeply Haunting Photos Of Life After Humans",1
"17 Insanely Beautiful Makeup Ideas For When You're Feeling Your Look",1
"When Everyone Assumes You're High",1
"What It's Like To Be Behind The Table At A Comic Convention",1
"17 Insane Christmas Decorations You Won't Believe Actually Exist",1
"The Internet Was Fucking Me Up: Patrick DeWitt On Books, Bubbles, & Bullshit",1
"21 Animals You Should Have Been Following In 2015",1
"This Cancer Survivor Lost Her Leg But It Didn't Slow Her Down",1
"This Is What $4 Of Street Food Looks Like Around The World",1
"13 Ways To Secretly Nap At The Office",1
"How Well Do You Remember These Classic GameCube Games",1
"We Know Where Your First Child Will Be Conceived",1
"Here's What You Should Eat For Dinner Tonight",1
"The 19 Best Horror Films Of 2015",1
"13 Brutally Honest E-Cards For Anyone Who Loves Birth Control",1
"What It's Like To Write The Most Hyped Book Of The Year",1
"30 Hella Easy Ways To Seriously Transform Your Old Jeans",1
"22 Pinoy Street Dogs That're Just As Cute As Pure-Bred Dogs",1
"Here's Why Halloween On ""Scream Queens"" Rules",1
"How Hip Were You In 2015",1
"Here Are Some Very Important Writing Tips From Neil Gaiman",1
"15 Really Random Things That Make Adorable Stamps",1
"The Most Delicious And Foolproof Way To Cook Salmon",1
"Can You Find The Political Conspiracy Hidden In This Crossword",1
"Which Classic Cocktail Are You",1
"These M&M Treats Will Change Your Life",1
"This Leaked Video Shows A Reporter Offering A Boy Money In Return For A Staged Interview",1
"Can You Name These 10 Constellations",1
"Kate Hudson And Goldie Hawn Are Mom And Daughter Goals",1
"How Well Do You Remember ""That's So Raven""",1
"8 Times ""Bake Off"" Restored Your Faith In Humanity",1
"11 Things No One Tells Guys With Depression",1
"21 Words That Have A Totally Different Meaning When You're A Lifeguard",1
"35 Very Real Reasons For Cancelling Your Plans",1
"15 Things That Happen When Your Best Friend Is Obsessed With FIFA",1
"21 Minimalist Ways To Store Everything In Your Home",1
"21 Things Everyone Who Does BodyCombat Will Understand",1
"22 BuzzFeed Readers Share How They Actually Spent The Snowstorm",1
"Lupita Nyong'o Had The Perfect Response To Lack Of Racial Diversity At The Oscars",1
"Scary Stories To Tell In The Dark Reimagined For Millennials",1
"15 Perfect Ways To Respond To An Unwanted Dick Pic",1
"Make This Delicious Dessert With Apples And Ice Cream And Create Instant Happiness",1
"How Many Of These Must See Action Movies Have You Watched",1
"When Someone Farts At Work",1
"Can You Answer These Basic Psychology Questions",1
"This Is What It's Like To Live With Schizophrenia",1
"Kylie Jenner Proves She Doesn't Wear Butt Pads By Showing Off Her Spanx",1
"Native Americans Confessed How They Feel About America And It Got Real",1
"12 Charts Only People Who Live In L.A. Will Understand",1
"One Direction Played ""Tattoo Roulette"" And It Got Pretty Tense",1
"Leaked Snapchat Allegedly Shows Malia Obama Playing Beer Pong On A College Visit",1
"14 Little Tricks To Help You Actually Save Cash In 2016",1
"Jimmy Fallon Is Getting His Own Ride At Universal Based On The ""Tonight Show""",1
"18 Things You'll Only Know If You're Not A Morning Person",1
"I Spent 45 Minutes In The ""Bigg Boss"" House And Here's What I Learned",1
"Tell Us About Yourself(ie): Ron Funches",1
"20 Vintage Photos That Capture Black College Student Life In The 1940s",1
"19 Valentine's Day Treats That Are Actually Better Than A Boyfriend",1
"How Much Of An Anime Otaku Are You",1
"9 Gross Things To Never Do In Front Of Your Man",1
"A Canadian Guy Dissed Tim Hortons Coffee So He Could Get A Date In England",1
"19 Passive Aggressive Notes That Deserve A Damn Medal",1
"Michael B. Jordan Got Laid The Fuck Out While Filming ""Creed""",1
"An Adorable Animals Advent Calendar: December 20",1
"What Do You Do Instead Of Going Home For The Holidays",1
"Find Out Your Horoscope For November",1
"13 Times Tina Belcher And Harry Potter Were The Same Person",1
"Can You Identify The ""Love And Hip Hop: Atlanta"" Season Based On Joseline's Hair",1
"17 Shocking Secrets Germaphobes Won't Tell You",1
"Only Solve This Puzzle If You're Ready For An Intimate Challenge",1
"Which ""AHS: Murder House"" Character Are You",1
"17 Life-Changing Ways To Eat A Twix",1
"Charlotte Rampling Calls Oscars Boycott ""Racist To White People""",1
"15 Travel Tips Every Introvert Needs To Know",1
"41 Songs You Need In Your Life This Month",1
"This Comic Sums Up A Conversation About Anxiety",1
"The 5 Stages Of Getting Your First Grey Hair",1
"19 Jack-O'-Lanterns Who Really Understand The Struggle",1
"Can We All Work Out How The Hell ""London Spy"" Is Going To End",1
"Disney Princes With Average Bodies",1
"Photos Of Grown Men With Cats That Will Make Your Heart Explode",1
"Here Are The Tweets Twitter Users Found Funniest This Year",1
"What Are Some Misconceptions About OCD",1
"Ruby Rose And Justin Bieber Wore Matching Outfits At The MTV EMAs",1
"Here's The Best Cement Ad You Will Ever See In Your Whole Life",1
"How Long Would You Last In Kappa Kappa Tau On ""Scream Queens""",1
"26 Gorgeous New Covers For Classic Books",1
"Everyone's Sharing This Picture Of A Crowd To Make A Point About Modern Life",1
"Which Pawnee City Hall Mural Are You",1
"7 Essays To Read: Asian Parents Kissing, Catcalls, And Gun Control",1
"How Would You Die In ""Game Of Thrones"" Based On Your Zodiac Sign",1
"These Beginner Dinners Will Teach You How To Cook",1
